〒290-0072 千葉県市原市西国分寺台1丁目3番16号	35.501649	140.112527
〒188-0001 東京都西東京市谷戸町3-27-24 ひばりヶ丘プラザ1F	35.749958	139.543549
〒231-0033 神奈川県横浜市中区長者町6-94	35.442006	139.630675
〒193-0942 東京都八王子市椚田町513-9	35.638958	139.312231
〒192-0355 東京都八王子市堀之内2-13-16	35.629525	139.401362
〒101-0051 東京都千代田区神田神保町1-21-4	35.695179	139.760826
〒108-0073 東京都港区三田2-16-4	35.648073	139.741615
〒274-0072 千葉県船橋市三山2-1-11	35.6915	140.049622
〒260-0013 千葉県千葉市中央区中央4-13-21 小川ビル1F	35.60611	140.121527
〒271-0091 千葉県松戸市本町17-9	35.785964	139.899356
〒252-0303 神奈川県相模原市南区相模大野6-14-9 MKプラザⅡ 103号	35.529931	139.432934
〒133-0057 東京都江戸川区西小岩3-31-13	35.734949	139.879891
〒336-0911 埼玉県さいたま市緑区三室1207-4	35.880002	139.672641
〒153-0041 東京都目黒区駒場4-6-8 佐藤ビル1F	0	0
〒174-0046 東京都板橋区蓮根3丁目9-7	35.786955	139.674437
〒167-0051 東京都杉並区荻窪4-33-1	35.703637	139.6263
〒211-0025 神奈川県川崎市中原区木月4-5-20	35.559966	139.654415
〒132-0003 東京都江戸川区一之江8-3-4	35.68408	139.881959
〒153-0063 東京都目黒区目黒3-7-2	35.634216	139.707093
〒252-0202 神奈川県相模原市中央区淵野辺本町3-29-13	35.574097	139.406757
〒321-0225 栃木県下都賀郡壬生町本丸2-15-67	36.422914	139.794921
〒321-0225 栃木県下都賀郡壬生町本丸2-15-67	36.422914	139.794921
〒117-0051 東京都練馬区関町南 4-25-18	35.722906	139.566993
〒117-0051 東京都練馬区関町南 4-25-18	35.722906	139.566993
〒372-0812 群馬県伊勢崎市連取町2361-3	36.307356	139.184509
〒141-0032 東京都品川区大崎 1-20-16	35.618095	139.730953
東京都品川区西五反田8-4-15	35.622756	139.722593
〒160-0021 東京都新宿区歌舞伎町2-37-5 日新ビル1階	35.696143	139.701927
〒135-0042 東京都江東区木場5-5-12 JUビル1F	35.669607	139.806499
東京都品川区北品川2-25-10	35.618803	139.744906
〒360-0824 埼玉県熊谷市見晴町18	36.142346	139.375571
〒112-0012 東京都豊島区北大塚2-11-14	35.733084	139.727874
〒114-0034 東京都北区上十条1-19-7	35.759375	139.723086
〒105-0021 東京都港区東新橋2-6-5	35.661844	139.757072
〒220-0005 神奈川県横浜市西区南幸2-18-1	35.463891	139.615726
〒176-0012 東京都練馬区豊玉北5-32-9	35.736875	139.652798
〒143-0016 東京都大田区大森北1-3-12	35.587605	139.7286
埼玉県白岡市西10-1-6	36.024272	139.652282
〒277-0005 千葉県柏市柏4-9-11 澤辺ビル 1F	35.864327	139.972937
〒151-0071 東京都渋谷区本町3-41-12  グリーンキャピタル西新宿 101	35.688304	139.680908
〒116-0014 東京都荒川区東日暮里5-52-5	35.727437	139.77237
〒162-0843 東京都新宿区市谷田町3-8-3 コアクツビル1F	35.696309	139.739007
〒302-0033 茨城県取手市米ノ井167-28 2階	35.92417	140.026268
〒103-0021 東京都中央区日本橋本石町4-4-17	35.68861	139.771296
〒103-0021 東京都中央区日本橋本石町4-4-17	35.68861	139.771296
〒136-0074 東京都江東区東砂1-6-8	35.681244	139.84087
〒300-0838 茨城県土浦市摩利山新田273-5	36.038949	140.175969
〒160-0023 東京都新宿区西新宿7-2-4MSビル1F	35.695078	139.69891
群馬県高崎市上並榎町301	36.343327	138.98962
埼玉県草加市中根3-23-13	35.847975	139.811395
〒350-1122 埼玉県川越市脇田町5-5	35.909682	139.482099
〒350-2227 埼玉県鶴ヶ島市新町3-1-21	35.935288	139.373426
〒336-0032 埼玉県さいたま市南区四谷1-2-1	35.840253	139.632568
〒124-0006 東京都葛飾区堀切4-57-14 カネコビル1F	35.748545	139.827037
〒121-0813 東京都足立区竹ノ塚6-15-14 ニュー竹ノ塚ビル1F	35.795443	139.792349
〒189-0001 東京都東村山市秋津町5-13-21	35.777419	139.49336
〒305-0854 茨城県つくば市上横場2431-5	36.040757	140.096898
〒210-0015 神奈川県川崎市川崎区南町8-9-4 サウスウイング川崎101	35.525465	139.696263
〒231-0812 神奈川県横浜市中区錦町17 マリンハイツ2号棟1F	35.430322	139.66797
〒192-0082 東京都八王子市東町1-3	35.657716	139.341047
〒101-0023 東京都千代田区神田松永町17-3 秋葉原妙見屋ビル1F	35.70032	139.775162
〒343-0045 埼玉県越谷市下間久里390-5	35.925741	139.79108
埼玉県所沢市上安松1024-76	35.789884	139.485875
埼玉県坂戸市八幡1-3-22	35.959848	139.403368
埼玉県坂戸市八幡1-3-22	35.959848	139.403368
東京都豊島区池袋2-19-3	35.732489	139.705481
東京都渋谷区宇田川町6ー20 パラシオン渋谷1階	35.66296	139.69714
東京都千代田区外神田3丁目13-5	35.700654	139.771062
〒343-0802 埼玉県越谷市小曽川324-3	35.919187	139.751932
〒160-0023 東京都新宿区西新宿7-5-5	35.696476	139.698489
〒135-0016 東京都江東区東陽3-15-3	35.670361	139.811218
〒451-0045 愛知県名古屋市西区名駅1-1-16	35.17269	136.882524
〒333-0842 埼玉県川口市前川1-13-17	35.832759	139.710534
〒963-8878 福島県郡山市堤下12-7 ホテルシーアンドアイ 1F	37.391403	140.381619
〒353-0004 埼玉県志木市本町5丁目10-20	35.826834	139.57651
〒486-0041 愛知県小牧市小牧2丁目57	35.294004	136.926586
千葉県千葉市美浜区ひび野2-4 プレナ幕張1F	35.647715	140.040503
〒154-0001 東京都世田谷区池尻3-4-5 大江ビルB1F	35.649805	139.682467
〒343-0845 埼玉県越谷市南越谷4-8-6	35.874844	139.788154
〒305-0854 茨城県つくば市上横場2192-1	36.043783	140.093243
茨城県水戸市上水戸3-7-23-1F	36.392008	140.449994
〒310-0903 茨城県水戸市堀町1088	36.400272	140.439465
東京都中野区中野5-56-15	35.70836	139.666355
〒344-0067 埼玉県春日部市中央1-7-21野口ビル103	35.978144	139.750884
〒352-0016 埼玉県新座市馬場1-8-5	35.781579	139.572583
〒352-0016 埼玉県新座市馬場1-8-5	35.781579	139.572583
〒310-0846 茨城県水戸市東野町109	36.327011	140.451344
〒206-0031 東京都多摩市豊ヶ丘1-21-6	35.627342	139.42967
茨城県日立市みなと町5779-25	36.492213	140.614997
〒173-0001 東京都板橋区本町14-14	35.761453	139.707229
〒347-0104 埼玉県加須市根古屋636-10	36.103968	139.584206
〒156-0051 東京都世田谷区宮坂3-12-5 タケベビル1F	35.652308	139.636781
千葉県千葉市緑区古市場町547-3	35.546064	140.147495
〒327-0844 栃木県佐野市富岡町1720-7	36.317303	139.601846
〒370-0042 群馬県高崎市貝沢町1320-1	36.339476	139.027019
〒113-0021 東京都文京区本駒込6-4-4  1階	35.730314	139.742476
〒310-0903 茨城県水戸市堀町962-2	36.403703	140.43237
〒144-0054 東京都大田区新蒲田2-8-1 伊藤ビル1F	35.562113	139.703281
〒271-0091 千葉県松戸市本町25-5 松戸本町ビル1F	35.786261	139.898686
〒277-0872 千葉県柏市十余二254-684	35.876464	139.968265
〒369-0301 埼玉県児玉郡上里町金久保666-1	36.26249	139.13561
〒930-0887 富山県富山市五福1922-5	36.69889	137.191098
〒542-0075 大阪府大阪市中央区難波千日前8-5	34.6637	135.50401
〒213-0001 神奈川県川崎市高津区溝口1-17-20	35.601269	139.613834
〒260-0822 千葉県千葉市中央区蘇我3-1-10	35.569496	140.129614
〒195-0054 東京都町田市三輪町314-5	35.578586	139.498751
〒195-0054 東京都町田市三輪町314-5	35.578586	139.498751
〒333-0842 埼玉県川口市前川3-12-1 ピュア前川1F	35.839065	139.710265
〒460-0008 愛知県名古屋市中区栄4-12-6 ロイヤル栄ビル1F	35.16734	136.911498
埼玉県草加市弁天2-22-9滝沢ビル102	35.842644	139.815446
〒315-0052 茨城県かすみがうら市下稲吉2632-11	36.126952	140.22906
神奈川県大和市下鶴間1550-5	35.510137	139.45095
埼玉県川口市芝新町2-1	35.829278	139.68954
神奈川県平塚市見附町1-31	35.329287	139.344952
〒145-0062 東京都大田区北千束3-23-8	35.606407	139.686375
〒105-0004 東京都港区新橋2-9-7	35.666877	139.756959
千葉県流山市南流山5-14-6	35.844075	139.898956
千葉県佐倉市井野1491-1	35.715986	140.128097
埼玉県本庄市若泉3-4-4	36.248253	139.186338
〒166-0003 東京都杉並区高円寺南4-7-1 カトレアビル1F	35.703238	139.649812
〒371-0046 群馬県前橋市川原町1-1-19	36.422634	139.047338
〒168-0073 東京都杉並区下高井戸1-3-10 アポー下高井戸1F	35.667253	139.640431
〒167-0043 東京都杉並区上荻1-5-9 丸よしビル	35.705082	139.622089
〒103-0025 東京都中央区日本橋茅場町3-3-9	35.677892	139.777354
〒169-0073 東京都新宿区百人町1-20-3 バラードハイム渡辺ビル103	35.700171	139.696343
〒372-0803 群馬県伊勢崎市宮古町142-2	36.322713	139.154173
〒101-0021 東京都千代田区外神田3-2-11	35.700441	139.77023
〒101-0021 東京都千代田区外神田3-2-11	35.700441	139.77023
〒321-0954 栃木県宇都宮市元今泉4-2-10 元今泉ハイタウン1F	36.562328	139.90762
茨城県ひたちなか市勝田泉町2-8	36.393383	140.525386
〒359-0035 埼玉県所沢市西新井町20-10	35.794797	139.472085
〒412-0042 静岡県御殿場市萩原44-2	35.313879	138.92534
〒150-0021 東京都渋谷区恵比寿西1-7-5 篠崎ビル1F	35.647756	139.709038
茨城県牛久市神谷1-41-4	35.974225	140.151472
東京都練馬区貫井3-6-3	35.735609	139.628538
〒254-0073 神奈川県平塚市西八幡1-1-27	35.338191	139.350927
長野県茅野市宮川4236-2	35.988371	138.150018
〒211-0002 神奈川県川崎市中原区上丸子山王町1-1401	35.57737	139.66581
東京都葛飾区東金町1-21-1	35.770016	139.869085
〒323-0811 栃木県小山市犬塚8-9-5	36.299569	139.830483
〒130-0022 東京都墨田区江東橋3-8-12 KINSIA ANNEX1F	35.694982	139.814839
〒210-0853 神奈川県川崎市川崎区田島町12-6	35.515979	139.708136
〒388-8004 長野県長野市篠ノ井会5-22	36.575479	138.14577
〒136-0071 東京都江東区亀戸2-14-6	35.69852	139.823283
〒299-3251 千葉県大網白里市大網464-3	35.52429	140.328732
〒143-0046 東京都大田区大森北1-3-9	35.587462	139.728724
千葉県船橋市西船5-3-10	35.710676	139.956377
〒370-0124 群馬県前橋市公田町677-1	36.341958	139.081146
〒370-0124 群馬県前橋市公田町677-1	36.341958	139.081146
〒312-0062 茨城県ひたちなか市高場1498	36.424427	140.542893
〒101-0045 東京都千代田区神田鍛冶町3-3-2 神田小鍛冶ビル1F	35.693471	139.770579
千葉県千葉市若葉区小倉台2-1-7	35.62733	140.171318
〒270-0023 千葉県松戸市八ヶ崎1-1-1	35.810591	139.934127
〒154-0021 東京都世田谷区豪徳寺1-5-1	35.650583	139.647516
東京都杉並区西荻南3-7-7	35.702612	139.601041
〒306-0012 茨城県古河市旭町2-9-4	36.197014	139.724729
東京都港区虎ノ門3-2-13	35.667109	139.746283
〒143-0012 東京都大田区大森東1-3-12	35.575586	139.734737
〒270-0034 千葉県松戸市新松戸2-22 TSビル1F	0	0
〒920-0981 石川県金沢市片町2-7-1 羽岡ビル1F	36.56181	136.652852
〒162-0065 東京都新宿区住吉町8-10 ライオンズマンション市ヶ谷1階	35.692885	139.722774
〒501-3936 岐阜県関市倉知4344-1	35.457044	136.889395
栃木県栃木市箱森町38-37	36.394185	139.723335
〒533-0021 大阪府大阪市東淀川区下新庄5丁目1-60	34.745191	135.520254
〒176-0006 東京都練馬区栄町4-3	35.737342	139.671829
〒151-0071 東京都渋谷区本町2-4-3	35.683434	139.684218
〒333-0801 埼玉県川口市東川口2-1-25	35.875919	139.746187
〒323-0807 栃木県小山市小山市城東7-18-2 アペックス107	36.307627	139.82043
〒230-0078 神奈川県横浜市鶴見区岸谷2-13-7	35.497048	139.661222
〒230-0078 神奈川県横浜市鶴見区岸谷2-13-7	35.497048	139.661222
〒366-0818 埼玉県深谷市萱場460	36.196593	139.272233
千葉県船橋市本町4-42-2	35.69952	139.98641
〒113-0033 東京都文京区本郷三丁目39-9	35.707361	139.763182
〒376-0101 群馬県みどり市大間々町大間々371-1	36.415877	139.281203
〒460-0003 愛知県名古屋市中区錦3-15-10	35.171503	136.907636
〒263-0022 千葉県千葉市稲毛区弥生町2-21	35.623339	140.103188
千葉県富里市七栄440-37	35.738161	140.327361
茨城県水戸市米沢町799-1	36.348846	140.461267
〒300-0854 茨城県つくば市上横場2200-1	36.037953	140.084966
〒243-0816 神奈川県厚木市林1-26-1	35.45443	139.350196
〒345-0821 埼玉県南埼玉郡宮代町中央3-9-1	36.024186	139.723402
〒210-0007 神奈川県川崎市川崎区駅前本町26-1 JR川崎駅ビルBE 地下1階	35.531141	139.697807
〒359-0034 埼玉県所沢市東新井町280-1	35.796153	139.481066
神奈川県横浜市港北区日吉2-1-8	35.554231	139.646932
〒321-0934 栃木県宇都宮市簗瀬町1593-1	36.542973	139.890632
〒359-1123 埼玉県所沢市日吉町10-20	35.787755	139.472031
〒177-0042 東京都練馬区下石神井4-12-10 ヤマダハウス 1階	0	0
〒360-0816 埼玉県熊谷市石原2-2-4	36.149576	139.374645
神奈川県横浜市中区伊勢佐木町3-107	35.441952	139.629685
〒145-0071 東京都大田区田園調布1-21-2	35.591477	139.675884
〒145-0071 東京都大田区田園調布1-21-2	35.591477	139.675884
〒300-2633 茨城県つくば市遠東1371-1	36.10355	140.067763
〒113-0034 東京都文京区湯島3-46-2 長谷部ビル1F	35.708349	139.770555
〒460-0003 愛知県名古屋市中区錦2-9-6 名和丸の内ビル1F	35.170994	136.898252
〒252-0239 神奈川県相模原市中央区中央6-13-6	35.56814	139.371635
東京都調布市布田1-45-6  ライオンズマンション 1F	35.652509	139.54558
〒305-0005 茨城県つくば市天久保2丁目20-7 レガートホソダ103号	36.097323	140.112258
〒252-0143 神奈川県相模原市緑区橋本6-2-2	35.59621	139.34405
神奈川県厚木市岡田3-17-6	35.425603	139.35772
〒600-8864 京都府京都市下京区七条御所ノ内南町89  八条ビル 1F	34.983817	135.732325
〒125-0062 東京都葛飾区青戸5-4-2	35.748625	139.853301
〒142-0041 東京都品川区戸越 5-18-11	35.608682	139.71772
〒270-2231 千葉県松戸市稔台7-7-13	35.786856	139.925828
〒152-0035 東京都目黒区自由が丘2-14-2 モンシャテーヌ自由が丘1F	35.607123	139.666514
〒600-8492 京都府京都市下京区月鉾町59-3	35.003475	135.757529
〒192-0364 東京都八王子市南大沢2-213-9	35.608441	139.385738
〒312-0012 茨城県ひたちなか市馬渡2561-15	36.395266	140.570509
〒110-0015 東京都台東区東上野5-24-11	35.715342	139.782771
千葉県佐倉市鏑木町491-2	35.713399	140.228038
〒164-0001 東京都中野区中野5-54-4	35.708685	139.666694
〒286-0041 千葉県成田市飯田町161-11	35.768011	140.300603
〒286-0041 千葉県成田市飯田町161-11	35.768011	140.300603
〒277-0871 千葉県柏市若柴184番地2 中央311街区 柏の葉かけだし横丁 店舗9	35.895359	139.953102
〒612-0085 京都府京都市伏見区撞木町1153-9	34.945483	135.765318
〒233-0016 神奈川県横浜市港南区下永谷3-28-13	35.407846	139.564367
〒532-0011 大阪府大阪市淀川区西中島5-7-25	34.729178	135.500721
〒252-1103 神奈川県綾瀬市深谷3897-1	35.443868	139.432271
〒400-0814 山梨県甲府市上阿原町312-6	35.645075	138.609844
〒211-0025 神奈川県川崎市中原区木月2-5-2	35.564708	139.654825
岐阜県多治見市宝町8-1-1 サンあがた1F	0	0
東京都中野区新井2-10-9	35.712896	139.665672
埼玉県草加市北谷1-2-17	35.841328	139.788234
〒299-4612 千葉県いすみ市岬町江場土2217-2	35.301025	140.398214
〒351-0114 埼玉県和光市本町9-40 志幸36SORAN101	35.78726	139.610258
〒380-0911 長野県長野市稲葉中千田2567-1	36.633763	138.205153
〒274-0071 千葉県船橋市習志野5-6-38	35.695979	140.062353
埼玉県上尾市栄町1-10	35.962436	139.59862
〒319-1221 茨城県日立市大甕町4-23-24	36.507696	140.629356
香川県高松市兵庫町9-4	34.346316	134.048019
〒170-0013 東京都豊島区東池袋2-57-2	35.733092	139.717925
〒373-0851 群馬県太田市飯塚町1432	36.280841	139.377596
愛知県名古屋市東区東片端町35 第二加藤ビル1F	0	0
愛知県名古屋市東区東片端町35 第二加藤ビル1F	0	0
〒105-0004 東京都港区新橋4-6-10	35.664669	139.755613
〒156-0053 東京都世田谷区桜 3-8-13 パレス馬事公苑101号	35.639843	139.636622
〒124-0023 東京都葛飾区東新小岩1-1-1 トラスト新小岩101	35.717962	139.858606
〒226-0014 神奈川県横浜市緑区台村町 309-1 土井ビル1F	35.513074	139.53862
〒343-0024 埼玉県越谷市越ヶ谷2-3-7	35.890146	139.787685
〒251-0053 神奈川県藤沢市本町1丁目10-14	35.34299	139.482298
埼玉県川口市戸塚3-36-18	35.867542	139.752403
〒154-0012 東京都世田谷区駒沢4-29-13 ケー・テー駒沢1階	35.630181	139.653748
〒120-0038 東京都足立区千住橋戸町 10-8	35.742583	139.797052
〒183-0057 東京都府中市晴見町3-1-5	35.682273	139.47913
〒101-0051 東京都千代田区神田神保町2-2-21	35.696407	139.756692
〒155-0033 東京都世田谷区代田5-29-5	35.661916	139.660441
〒980-0822 宮城県仙台市青葉区立町2-8	38.261658	140.866181
〒350-1126 埼玉県川越市旭町1-4-15	35.902713	139.47661
〒115-0043 東京都北区神谷3-29-11	35.772298	139.7331
〒302-0124 茨城県守谷市美園4-1-5 美園ビル1F	35.923973	140.000842
〒344-0064 埼玉県春日部市南5-1-56	35.969983	139.759717
〒950-0088 新潟県新潟市中央区万代5-2-8	37.917234	139.060082
〒355-0035 埼玉県東松山市古凍868-8	36.012878	139.435241
〒140-0001 東京都品川区北品川1-18-5	35.62392	139.743008
〒140-0001 東京都品川区北品川1-18-5	35.62392	139.743008
〒105-0012 東京都港区芝大門2-1-8  芝大門マンション 1F	35.656172	139.753095
〒981-0952 宮城県仙台市青葉区中山8-22-18	38.298587	140.832732
〒253-0055 神奈川県茅ヶ崎市中海岸1-1-66	35.327902	139.406162
〒329-1225 栃木県塩谷郡高根沢町石末2258-5	36.64113	140.000557
〒955-0046 新潟県三条市興野1-16-20	37.636174	138.969521
群馬県前橋市小島田町27-3	36.36686	139.137318
埼玉県川口市前川1-1-11  イオンモール川口前川店 1F	35.833462	139.707467
〒381-0044 長野県長野市中越2-36-24	36.665088	138.221648
〒309-1116 茨城県筑西市横塚913-1	36.319416	140.005601
〒920-0036 石川県金沢市元菊町17-13	36.573279	136.640883
〒252-0216 神奈川県相模原市中央区清新7-1-1	35.574299	139.365485
〒165-0031 東京都中野区上鷺宮5-8-8	35.727411	139.626671
〒350-0415 埼玉県入間郡越生町上野1055-2-2	35.950958	139.306516
〒950-2037 新潟県新潟市西区大野186-1	37.865136	138.952609
〒306-0126 茨城県古河市諸川1114-3	36.193844	139.81087
〒211-0025 神奈川県川崎市中原区木月2-11-26	35.562792	139.654727
〒287-0036 千葉県香取市観音811	35.859184	140.469871
〒364-0002 埼玉県北本市宮内1-72	36.038876	139.538411
〒321-0961 栃木県宇都宮市今泉新町200	36.573121	139.912808
〒980-0021 宮城県仙台市青葉区中央2-6-34	38.262096	140.878285
〒980-0021 宮城県仙台市青葉区中央2-6-34	38.262096	140.878285
東京都新宿区西早稲田1-8-20 高橋ビル1F	35.710124	139.72034
長野県千曲市打沢27‐8	36.523491	138.125897
〒247-0056 神奈川県鎌倉市大船1-8-15	35.35325	139.532275
〒289-1326 千葉県山武市成東1563-1	35.592663	140.396235
〒227-0034 神奈川県横浜市青葉区桂台1-3-10	35.547472	139.504956
〒460-0008 愛知県名古屋市中区栄3丁目10-18	35.166736	136.903447
〒276-0008 千葉県八千代市神久保75-14	35.773074	140.092039
〒111-0032 東京都台東区浅草2-13-3 都ビル1F	35.71542	139.792839
〒360-0037 埼玉県熊谷市筑波2-90	36.140332	139.388685
兵庫県西宮市津門稲荷町5-3 水野ビル1階	34.73707	135.351574
〒283-0068 千葉県東金市東岩崎1-15 1F	35.559311	140.367267
〒700-0022 岡山県岡山市北区岩田町7-116	34.669085	133.921519
〒411-0036 静岡県三島市一番町9-41	35.125767	138.913573
〒274-0824 千葉県船橋市前原東1丁目9番1号	35.692763	140.026085
神奈川県川崎市川崎区砂子2-6-23 雨澤ビル1F	35.528489	139.700108
千葉県印旛郡酒々井町中川119	35.736914	140.273857
東京都小金井市東町4-38-26	35.69977	139.524114
〒330-0802 埼玉県さいたま市大宮区宮町2-4	35.908355	139.627096
〒630-8041 奈良県奈良市六条町124-1	34.67015	135.788928
〒121-0816 東京都足立区梅島3-8-11	35.776291	139.797473
〒121-0816 東京都足立区梅島3-8-11	35.776291	139.797473
〒491-0822 愛知県一宮市丹陽町伝法寺才勝456-2	35.26231	136.840579
〒272-0143 千葉県市川市相之川3-1-26	35.677465	139.899556
〒606-8112 京都府京都市左京区一乗寺西杉ノ宮町48-1	35.046136	135.785901
愛知県一宮市三条字四反田79-5	35.3114	136.757308
〒542-0073 大阪府大阪市中央区日本橋2-7-22	34.663778	135.505403
〒354-0035 埼玉県富士見市ふじみ野西1-20-2 パレットふじみ野104号室	35.860638	139.522227
〒273-0042 千葉県船橋市前貝塚町565-13	35.722489	139.982989
〒370-0069 群馬県高崎市飯塚町348-2	36.345134	139.008772
〒370-0074 群馬県高崎市下小鳥町67-5	36.353469	138.993009
〒379-2154 群馬県前橋市天川大島町1-13-14	36.382189	139.096106
〒125-0042 東京都葛飾区金町5-24-17	35.765921	139.868825
〒121-0072 東京都足立区保塚町12-17	35.787297	139.810461
〒277-0074 千葉県柏市今谷上町71	35.842122	139.952942
神奈川県川崎市中原区新城3-13-1	35.585364	139.629723
〒252-0821 神奈川県藤沢市用田611-1	35.404091	139.413282
〒194-0044 東京都町田市成瀬1-4-2	35.547679	139.472651
〒301-0855 茨城県龍ヶ崎市藤ヶ丘1-3-9	35.936583	140.200845
東京都練馬区練馬1-18-2	35.738553	139.654904
〒270-0163 千葉県流山市南流山7-7-12	35.841902	139.897195
〒251-0052 神奈川県藤沢市藤沢991-20	35.340166	139.48284
〒251-0052 神奈川県藤沢市藤沢991-20	35.340166	139.48284
〒274-0825 千葉県船橋市前原西2-4-10	35.692913	140.018916
〒133-0056 東京都江戸川区南小岩8-14-7 第2杉浦ビルディング	35.733953	139.883393
〒363-0024 埼玉県桶川市鴨川2-4-5	35.993463	139.558653
〒376-0026 群馬県桐生市清瀬町3-26 モダンピース1F	36.404871	139.326022
〒732-0802 広島県広島市南区大州四丁目11-30	34.386824	132.496297
〒111-0053 東京都台東区浅草橋1-23-2	35.697635	139.783782
〒187-0002 東京都小平市花小金井1-1-10  K＆Kビル 1F	35.72677	139.512507
〒543-0024 大阪府大阪市天王寺区舟橋町15-24	34.666307	135.529113
〒169-0075 東京都新宿区高田馬場4-8-7 いちかわ書店ビル1F	35.713671	139.703476
〒486-0916 愛知県春日井市八光町2-20	35.235069	136.95594
埼玉県秩父郡小鹿野町小鹿野2806	36.01658	139.010484
〒007-0861 北海道札幌市東区伏古1条5丁目6-13	43.080052	141.391938
愛知県西春日井郡豊山町大字豊場字八反121 北部市場総合食品ビル1F	35.241627	136.907348
〒802-0002 福岡県北九州市小倉北区京町1丁目6-11	33.886347	130.878757
〒370-0046 群馬県高崎市江木町624-33	36.333833	139.01615
〒350-0463 埼玉県入間郡毛呂山町前久保南3丁目5-2	35.946992	139.324278
鳥取県鳥取市湖山町西1-706	35.519308	134.171906
岐阜県大垣市中川町1-732-3	35.379383	136.617935
〒305-0005 茨城県つくば市つくば市天久保3-11-1 千川ハイツ1F西側	36.1064	140.103263
東京都品川区西五反田2-10-8 ドルミ五反田ドゥメゾン1F	35.62713	139.720858
東京都品川区西五反田2-10-8 ドルミ五反田ドゥメゾン1F	35.62713	139.720858
高知県高知市愛宕町2-16-16  1F	33.568192	133.537044
〒398-0002 長野県大町市仁科町3168-8	36.500379	137.860745
〒525-0059 滋賀県草津市野路1丁目3-9	35.003842	135.951103
〒530-0001 大阪府大阪市北区梅田1-1-3 大阪駅前第3ビルB2F	34.698779	135.499416
〒399-0038 長野県松本市小屋南1-42-6	36.176622	137.952361
〒254-0043 神奈川県平塚市紅谷町1-9	35.32881	139.349784
〒270-0034 千葉県松戸市新松戸3-420-2	35.821616	139.914197
〒158-0096 東京都世田谷区玉川台2‐22‐17	35.62509	139.632796
〒802-0001 福岡県北九州市小倉北区浅野1-1-1  小倉エキナカひまわりプラザ 2F	33.887077	130.882163
〒253-0001 神奈川県茅ヶ崎市赤羽根95-2	35.349775	139.414576
長野県長野市大字鶴賀南千歳町876-13	36.647181	138.188267
〒963-8852 福島県郡山市台新1丁目31-10 台新ビル101	37.391644	140.341047
〒960-8068 福島県福島市太田町38-22	37.755175	140.453125
〒980-0811 宮城県仙台市青葉区一番町4-3-5	38.26256	140.870763
〒173-0004 東京都板橋区板橋1-51-5	35.748058	139.71974
千葉県習志野市大久保1-18-12	35.687295	140.048461
〒370-0849 群馬県高崎市八島町32-7 三笠第三ビル1F	36.323614	139.01057
〒196-0031 東京都昭島市福島町1011-13	35.707562	139.385021
〒300-0015 茨城県水戸市宮町1-7-31 エクセルみなみ4階	36.370064	140.47664
〒275-0011 千葉県習志野市大久保1-16-18 グレミオビル2F	35.688693	140.049168
〒275-0011 千葉県習志野市大久保1-16-18 グレミオビル2F	35.688572	140.049357
宮城県仙台市青葉区二日町15-15  第2石原ビル1F	38.2709	140.866025
東京都豊島区西池袋3-19-5 寿マンション1F	35.729664	139.705438
〒790-0964 愛媛県松山市中村3-2-8	33.829984	132.777464
〒231-0066 神奈川県横浜市中区日の出町1-101  第十旭ビル1F	35.444252	139.626778
東京都世田谷区太子堂4-24-16	35.644785	139.670451
〒331-0048 埼玉県さいたま市西区清河寺1233-15	35.931683	139.583924
〒272-0023 千葉県市川市南八幡5-12-16	35.720857	139.922745
〒410-0312 静岡県沼津市原1546-1	35.12851	138.800959
〒020-0115 岩手県盛岡市館向町3-6 太陽リーハA棟	39.717112	141.131528
〒960-2155 福島県福島市上名倉字西田29-2	37.729034	140.385078
〒104-0053 東京都中央区晴海1-8-16 晴海トリトン3F	35.656834	139.782819
〒143-0014 東京都大田区大森中2-2-1 大森中2丁目市街地住宅102号	35.567451	139.729558
〒465-0021 愛知県名古屋市名東区猪子石2-501	35.187418	137.003225
北海道札幌市中央区南1条西6-20 KYビル 1F	43.058897	141.347956
〒790-0866 愛媛県松山市永木町2-3-19 佐川ビル1階	33.83611	132.774833
東京都品川区南大井3-31-15	35.588019	139.734856
〒212-0004 神奈川県川崎市幸区小向西町3-56-1	35.548585	139.688214
長野県千曲市桜堂字西沖345-3	36.527997	138.121891
〒577-0066 大阪府東大阪市高井田本通7-2-6	34.679621	135.567208
〒306-0233 茨城県古河市西牛谷276	36.205184	139.743289
〒306-0233 茨城県古河市西牛谷276	36.205184	139.743289
愛知県名古屋市中区大須3-11-16	35.160722	136.90515
富山県富山市高屋敷833‐1 タカサンビル1F	36.671447	137.243983
〒278-0034 千葉県野田市上花輪新町38-33	35.935028	139.864359
愛知県名古屋市中川区百船町20-11 1F	35.15809	136.878919
愛知県岡崎市昭和町字下川田10-2	34.944421	137.119826
〒114-0001 東京都北区東十条2-5-14 東十条秀明ビル1F	35.762945	139.730107
〒700-0815 岡山県岡山市北区野田屋町1-2-16	34.666353	133.923203
〒310-0911 茨城県水戸市見和3-1398-72	36.372846	140.421459
〒990-0886 山形県山形市嶋南2-10-12	38.281155	140.318897
〒542-0086 大阪府大阪市中央区西心斎橋2丁目7-28	34.669649	135.498947
〒277-0005 千葉県柏市柏3-5-10 長田ビル1F	35.859824	139.975159
〒300-1221 茨城県牛久市牛久町1058-1	35.960161	140.139175
〒245-0062 神奈川県横浜市戸塚区汲沢町1169-3	35.391481	139.521269
〒180-0004 東京都武蔵野市吉祥寺本町2-21-10 モミジ第三ビル1階	35.703253	139.575767
〒101-0051 東京都千代田区神田神保町1-12-1 富田ビル 1F	35.696373	139.75825
〒144-0051 東京都大田区西蒲田7-63-1	35.561977	139.712854
長野県長野市青木島大塚1021-1	36.609924	138.193816
〒305-0005 茨城県つくば市天久保2-6-1	36.098008	140.1061
〒370-0102 群馬県伊勢崎市境上渕名575-1	36.312397	139.259731
〒113-0033 東京都文京区本郷2-39-7 エチソウビル1F	35.706439	139.760436
〒113-0033 東京都文京区本郷2-39-7 エチソウビル1F	35.706439	139.760436
〒160-0004 東京都新宿区四谷4-28-17 大木戸ビル1F	35.687772	139.715531
愛知県豊田市渋谷町1-6-8	35.085267	137.184659
〒233-0003 神奈川県横浜市港南区港南2-3	35.401597	139.589362
埼玉県熊谷市別府1-15	36.180684	139.333534
〒373-0861 群馬県太田市南矢島町545-2	36.259063	139.383876
〒185-0012 東京都国分寺市本町2-3-1	35.700702	139.483282
〒359-0044 埼玉県所沢市松葉町1-3	35.807223	139.455875
〒319-1221 茨城県日立市大みか町4-23-21	36.507857	140.629384
埼玉県草加市草加3-9-43	35.839298	139.798734
群馬県前橋市上小出町1-31-3	36.412612	139.058648
埼玉県坂戸市末広町1-6 辻口ビル101	35.971987	139.396473
〒277-0831 千葉県柏市根戸467-30	35.885155	139.988255
〒600-8233 京都府京都市下京区北不動堂町570-3	34.987293	135.754766
愛媛県松山市大街道3-3-5 友近ビル 1F	33.842288	132.770589
〒358-0054 埼玉県入間市野田885-1	35.845901	139.360603
東京都杉並区荻窪4-32-8 1F	35.704383	139.623801
東京都世田谷区桜1-66-5	35.647524	139.636645
〒532-0011 大阪府大阪市淀川区西中島1-13-13	34.725341	135.500007
兵庫県姫路市駅前町351	34.829497	134.691988
〒574-0046 大阪府大東市赤井1-13-1 ポップタウン住道一番館1F	34.708598	135.618796
〒574-0046 大阪府大東市赤井1-13-1 ポップタウン住道一番館1F	34.708598	135.618796
〒340-0002 埼玉県草加市青柳5-22-22	35.854631	139.812341
兵庫県神戸市灘区徳井町4-1-3	34.714374	135.245529
〒322-0002 栃木県鹿沼市千渡1755 コーポフクダ 105	36.562684	139.785038
〒192-0362 東京都八王子市松木15-10	35.625879	139.391904
〒252-0003 神奈川県座間市ひばりが丘1-24-15	35.490554	139.43555
〒960-8031 福島県福島市栄町12-9	37.755018	140.462554
広島県広島市西区中広町2-4-1  1F	34.404191	132.443486
〒372-0022 群馬県伊勢崎市日乃出町503-5	36.316889	139.226287
〒444-0206 愛知県岡崎市法性寺町荒子54-2	34.9294	137.142704
〒986-2261 宮城県牡鹿郡女川町女川浜字大原1-4 シーパルピア女川 F26-2	38.446204	141.445237
〒474-0011 愛知県大府市横根町前田50-1	35.014806	136.980215
長野県松本市桐3-1-15	36.255837	137.975598
〒567-0884 大阪府茨木市新庄町3-1	34.814738	135.57321
沖縄県那覇市長田2-1-1	26.198902	127.702231
〒151-0071 東京都渋谷区本町2-4-3	35.683434	139.684218
神奈川県川崎市川崎区貝塚2-16-1	35.524924	139.706129
〒290-0061 千葉県市原市八幡石塚1-19-5	35.539876	140.12925
宮城県仙台市宮城野区東仙台4-6-31	38.275293	140.908509
〒989-2459 宮城県岩沼市たけくま1-5-3	38.107052	140.857416
高知県香南市野市町西野2217  宮崎ビル 1F	33.55771	133.69763
高知県香南市野市町西野2217  宮崎ビル 1F	33.55771	133.69763
〒442-0889 愛知県豊川市南大通5-11	34.818508	137.373746
〒399-8501 長野県北安曇郡松川村5744-4 Palao内	36.416422	137.858654
〒470-2102 愛知県知多郡東浦町大字緒川字下汐田19-9	34.977156	136.969107
〒606-8106 京都府京都市左京区高野玉岡町33-9	35.045334	135.785011
〒308-0041 茨城県筑西市乙815	36.303497	139.976922
〒815-0033 福岡県福岡市南区大橋2-12-13 康孝ビル1F	33.557079	130.42889
〒983-0037 宮城県仙台市宮城野区平成2-18-1	38.27221	140.915396
広島県広島市安佐南区緑井2-12-2	34.467158	132.471228
〒193-0904 東京都八王子市子安町1-2-1	35.653927	139.339722
〒470-2102 愛知県知多郡東浦町大字緒川字三角35-1	34.983114	136.977398
〒366-0035 埼玉県深谷市原郷2114-9	36.194389	139.293068
千葉県市川市南八幡4-3-13	35.721233	139.926109
〒654-0025 兵庫県神戸市中央区相生町4-2-24サザン神戸品川1F	34.677387	135.177417
長崎県長崎市大黒町10-11	32.751517	129.872438
〒125-0062 東京都葛飾区青戸3-37-12 KCハイムB1F	35.746276	139.856204
長野県中野市岩船312-1	36.745881	138.361207
北海道札幌市北区北7条西4丁目1-1 東カン札幌ビル 1F	0	0
〒870-0035 大分県大分市中央町1-4-22  大分マート	33.237666	131.607107
〒615-0035 京都府京都市右京区西院追分町3-11	34.998237	135.725717
神奈川県相模原市中央区鹿沼台1-2-14	35.568992	139.389841
神奈川県相模原市中央区鹿沼台1-2-14	35.568992	139.389841
〒370-0042 群馬県高崎市貝沢町1282-1	36.340194	139.026677
〒136-0071 東京都江東区亀戸4-35-17 エレガントコーポラス101号	35.70197	139.826695
〒323-0031 栃木県小山市八幡町1-1-18	36.310514	139.798487
〒158-0093 東京都世田谷区上野毛1-26-16	35.612433	139.638981
〒123-0842 東京都足立区栗原1-6-22	35.779743	139.789866
〒176-0002 東京都練馬区桜台1-5-1	35.738713	139.661995
〒223-0057 神奈川県横浜市港北区新羽町1688-1	35.528484	139.611496
〒060-0806 北海道札幌市北区北六条西8-8-11	43.067376	141.343848
〒144-0051 東京都大田区西蒲田7-63-9 パブセブン1F	35.56186	139.712522
〒346-0012 埼玉県久喜市栗原3-2-1	36.074463	139.706634
〒150-0043 東京都渋谷区道玄坂2-22-2 SHIBUYA道玄坂1956 1F	35.6596	139.695543
〒183-0023 東京都府中市宮町1丁目100-1	35.671538	139.47993
〒330-0854 埼玉県さいたま市大宮区桜木町4-38-1	35.907202	139.616712
〒183-0022 東京都府中市宮西町1-15-5 関野屋ビル1F	35.672054	139.477311
〒213-0014 神奈川県川崎市高津区新作5-13-2	35.58751	139.625137
〒372-0006 群馬県伊勢崎市太田町149-1	36.324018	139.179645
〒210-0001 神奈川県川崎市川崎区本町2-10-1	35.534943	139.705368
〒351-0114 埼玉県和光市本町21-26 コンステラション1F	35.784642	139.607402
〒606-8117 京都府京都市左京区一乗寺里ノ前町4番	35.043863	135.787525
〒335-0021 埼玉県戸田市新曽1021	35.811876	139.666401
〒335-0021 埼玉県戸田市新曽1021	35.811876	139.666401
〒230-0001 神奈川県横浜市鶴見区矢向5-4-17	35.537308	139.683838
栃木県宇都宮市大塚町12-24	36.533992	139.858196
〒530-0041 大阪府大阪市北区天神橋2-2-8	34.695785	135.511368
愛知県弥富市五明町内川平465-1	35.116232	136.715506
〒379-2304 群馬県太田市大原町1202-3	36.369658	139.285067
〒350-1323 埼玉県狭山市鵜ノ木14-4	35.850251	139.395923
〒325-0033 栃木県那須塩原市埼玉241ー2	36.96106	140.013023
北海道札幌市中央区北2条西3丁目 敷島ビル B1F	0	0
長野県上伊那郡南箕輪村三本木8304-566	35.864458	137.93962
〒450-0002 愛知県名古屋市中村区名駅3丁目13-18 1F	35.172989	136.884093
〒253-0022 神奈川県茅ヶ崎市松浪2-8-23	35.329572	139.438075
香川県高松市観光通1-2-8	34.33683	134.051035
愛知県名古屋市瑞穂区神穂町1-22	35.114561	136.922462
〒350-2211 埼玉県鶴ヶ島市脚折町4-17-10	35.944672	139.39374
〒271-0088 千葉県松戸市二十世紀が丘柿の木町16-2	35.772666	139.906841
東京都大田区仲六郷2-13-13	35.551227	139.714585
〒556-0004 大阪府大阪市浪速区日本橋西1-1-5	34.660358	135.504637
〒257-0003 神奈川県秦野市南矢名1-14-10	35.372256	139.271411
〒310-0836 茨城県水戸市元吉田町1486-5	36.34016	140.469527
〒260-0015 千葉県千葉市中央区富士見2-5-18	35.610538	140.116606
〒260-0015 千葉県千葉市中央区富士見2-5-18	35.610538	140.116606
〒230-0078 神奈川県横浜市鶴見区岸谷2-13-8	35.497129	139.661315
〒259-1105 神奈川県伊勢原市大住台1-12-8	35.389821	139.274107
三重県四日市市東日野1-4-43	34.959938	136.597237
〒024-0094 岩手県北上市本通り2-3-40	39.28963	141.117085
栃木県栃木市平柳町2-24-28	36.393997	139.749915
〒173-0023 東京都板橋区大山町24-8	35.748974	139.697106
〒464-0084 愛知県名古屋市千種区松軒町1-9-10	35.178418	136.939497
〒300-0033 茨城県土浦市川口1-1-27	36.080783	140.201666
〒031-0071 青森県八戸市沼館2-11-20	40.52473	141.488601
〒241-0022 神奈川県横浜市旭区鶴ヶ峰1-12-1 あんどうビル 1F	35.474745	139.548136
〒062-0932 北海道札幌市豊平区平岸2条3丁目2-22	43.039966	141.369789
〒276-0033 千葉県八千代市八千代台南2-10-38	35.697091	140.09246
〒510-0086 三重県四日市市諏訪栄町6-20	34.966987	136.620436
愛知県名古屋市守山区四軒家1-1578  マンションスピーリア1F	35.19317	137.017739
〒176-0005 東京都練馬区旭丘 1-75-1-1F	35.736392	139.672679
〒934-0057 富山県射水市坂東109-2	36.756556	137.057293
〒731-5148 広島県広島市佐伯区五日市中央4-1-2	34.372349	132.357293
〒151-0072 東京都渋谷区幡ヶ谷2-13-3	35.677583	139.676863
〒379-2235 群馬県伊勢崎市三室町6230-1	36.32226	139.233742
愛知県北名古屋市九ノ坪梅田53-1	35.232035	136.867852
愛知県北名古屋市九ノ坪梅田53-1	35.232035	136.867852
〒464-0086 愛知県名古屋市千種区萱場2丁目2-1	35.182152	136.94516
〒038-0024 青森県青森市浪館前田4-35-14	40.809352	140.725159
〒344-0067 埼玉県春日部市中央1-10-11 Kitchen Shoku Bar Village内	35.980013	139.750574
〒467-0806 愛知県名古屋市瑞穂区瑞穂通7-10	35.120513	136.9358
〒367-0053 埼玉県本庄市中央2丁目4番60号 ビバモール本庄2F フードコート内	36.243609	139.187583
〒341-0044 埼玉県三郷市戸ヶ崎2-38	35.804921	139.862275
〒371-0013 群馬県前橋市西片貝町4-23-13	36.384696	139.097142
青森県五所川原市中央2-20	40.800363	140.449053
愛知県名古屋市昭和区阿由知通4-8-10	35.148574	136.933355
〒981-0924 宮城県仙台市青葉区双葉ケ丘1-46-35	38.305699	140.878401
山形県鶴岡市末広町17-15	38.738812	139.838827
〒502-0929 岐阜県岐阜市則武3-19-11	35.446997	136.73697
静岡県静岡市駿河区小鹿806-8	34.975267	138.425166
山梨県中央市若宮46-1	35.612867	138.541371
北海道札幌市清田区北野7条1丁目7-1	43.025278	141.434099
〒810-0073 福岡県福岡市中央区舞鶴1-6-14	33.593909	130.393251
岐阜県可児市川合上巾2620-2	35.435701	137.062718
〒572-0827 大阪府寝屋川市萱島本町21-11	34.746956	135.610804
〒392-0027 長野県諏訪市湖岸通り3-1-24  2F	36.050051	138.113058
〒880-0936 宮崎県宮崎市天満2-5-13  ドリームビルA棟103	31.897446	131.414303
〒880-0936 宮崎県宮崎市天満2-5-13  ドリームビルA棟103	31.897446	131.414303
富山県富山市野々上9	36.719706	137.14401
〒983-0034 宮城県仙台市宮城野区扇町3丁目5-1 オレンジホール箱堤 1F	38.262092	140.938782
〒444-0860 愛知県岡崎市上明大寺町1-3 坂本ビル1F	0	0
熊本県熊本市南区田迎町田井島249-1	32.764333	130.724728
富山県滑川市上小泉2269-2	36.75641	137.348823
愛知県蒲郡市神明町1-1	34.823462	137.226711
〒319-1536 茨城県北茨城市華川町中妻525-1	36.807275	140.729028
〒273-0137 千葉県鎌ヶ谷市道野辺本町1-1-18	35.766015	139.998012
〒892-0816 鹿児島県鹿児島市山下町12-27	31.597291	130.557853
〒321-0953 栃木県宇都宮市東宿郷2丁目9 PMビル	36.557208	139.901988
北海道札幌市北区新琴似7条13丁目5-22	43.121276	141.315064
〒277-0005 千葉県柏市柏3丁目3-11	35.858601	139.974768
福岡県糟屋郡志免町大字別府字カジ547-1 スーパートライアル別棟 駐車場内	0	0
熊本県熊本市東区小山3-4-18	32.826259	130.789418
岐阜県関市池田町85	35.494486	136.897587
岐阜県本巣郡北方町高屋伊勢田2-47	35.412688	136.692852
〒457-0862 愛知県名古屋市南区内田橋1-5-11	35.115099	136.907139
〒730-0051 広島県広島市中区大手町3-12-2	34.387092	132.452758
〒321-0200 栃木県下都賀郡壬生町安塚853-1	36.482967	139.827737
〒945-0025 新潟県柏崎市柳田町2-5	37.378164	138.579819
〒945-0025 新潟県柏崎市柳田町2-5	37.378164	138.579819
〒612-0024 京都府京都市伏見区深草野田町17-2 シティーハイツベルジュール103	34.959881	135.768427
〒780-8050 高知県高知市鴨部2-3-20	33.550227	133.504508
〒414-0042 静岡県伊東市静海町5-5	34.969426	139.105068
北海道札幌市中央区南3条西5丁目1-1 ノルベサ B1F	0	0
〒963-0101 福島県郡山市安積町日出山一本松107	37.365705	140.384875
〒962-0022 福島県須賀川市丸田町40	37.290515	140.364129
宮城県多賀城市町前1-4-3	38.284209	140.999612
〒504-0945 岐阜県各務原市那加日新町3-33	35.395823	136.823941
〒700-0907 岡山県岡山市北区下石井2-9-72	34.659014	133.918479
〒731-0102 広島県広島市安佐南区川内6-22-13	34.473068	132.489671
〒501-0463 岐阜県本巣市小柿813 マリオンガーデン岐阜本店	35.427855	136.679593
静岡県富士市青葉町88	35.159501	138.662378
〒497-0044 愛知県海部郡蟹江町蟹江新田上芝切70-1	35.124669	136.785474
〒174-0052 東京都板橋区蓮沼町45-8	35.769519	139.701898
〒214-0014 神奈川県川崎市多摩区登戸2093	35.618055	139.564254
〒220-0005 神奈川県横浜市西区南幸2-9-1 サンマウンテンビル 1F	0	0
〒273-0116 千葉県鎌ヶ谷市馬込沢2-15	35.742842	139.991206
〒124-0024 東京都葛飾区新小岩4-10-1	35.718374	139.861746
〒930-0992 富山県富山市新庄3-5-22	36.696604	137.252599
〒597-0021 大阪府貝塚市小瀬370-6	34.448934	135.37259
〒597-0021 大阪府貝塚市小瀬370-6	34.448934	135.37259
〒165-0031 東京都中野区上鷺宮4-16-6	35.734724	139.629763
〒028-3603 岩手県紫波郡矢巾町西徳田第6地割178-2	39.613297	141.172449
〒640-8451 和歌山県和歌山市中317	34.263137	135.144348
〒910-0028 福井県福井市学園2-6-1	36.068972	136.19929
〒613-0035 京都府久世郡久御山町下津屋鯛ケ鼻64-2	34.87787	135.73476
〒874-0845 大分県別府市北中7-2	33.311814	131.48106
〒240-0065 神奈川県横浜市保土ヶ谷区和田1-4-18	35.463631	139.591492
北海道札幌市北区北13条西4丁目1-5 クローバービル1F	0	0
〒491-0918 愛知県一宮市末広2-5-21  牛角一宮店敷地内	35.297201	136.786665
〒294-0045 千葉県館山市北条1583-5	34.990552	139.866946
〒325-0026 栃木県那須塩原市上厚崎374-2	36.96202	140.029048
鳥取県米子市西福原1-3-25	35.440357	133.3385
福岡県飯塚市柏の森153-5	33.642911	130.703669
〒606-8301 京都府京都市左京区吉田泉殿町1-90	35.028493	135.778506
〒921-8812 石川県野々市市扇が丘5-3	36.529667	136.62572
〒194-0021 東京都町田市中町1-30-2 中里ビル1F	35.54841	139.447732
鳥取県米子市両三柳58-3	35.451752	133.33039
山口県下関市勝谷新町1-12-3	34.002052	130.967778
〒550-0005 大阪府大阪市西区西本町1-15-21	34.682362	135.493689
〒565-0851 大阪府吹田市千里山西1-15-29	34.773666	135.505524
〒565-0851 大阪府吹田市千里山西1-15-29	34.773666	135.505524
〒939-8048 富山県富山市太田80-161	36.66938	137.235209
〒824-0001 福岡県行橋市行事3-28-60	33.74261	130.977261
〒567-0817 大阪府茨木市別院町3-4	34.816891	135.574389
〒899-4332 鹿児島県霧島市国分中央4-12-16	31.730608	130.77592
東京都大田区北馬込2-47-1	35.599942	139.709769
〒981-3105 宮城県仙台市泉区天神沢1-4-15	38.326321	140.896097
愛知県春日井市神領町2-22-4 メガコンコルド800春日井店敷地内	35.254155	137.009611
〒939-0351 富山県射水市戸破1418	36.713024	137.100737
〒981-0905 宮城県仙台市青葉区小松島3-1-38	38.281975	140.887493
山形県山形市あかねヶ丘1-17-20	38.251047	140.309193
〒337-0051 埼玉県さいたま市見沼区東大宮5-6-1	35.947332	139.640176
〒799-1524 愛媛県今治市桜井4-12-2	34.018889	133.036698
〒123-0841 東京都足立区西新井5-5-2 101	35.78288	139.775052
〒780-8081 高知県高知市若草町11-28 弘島第2ビル1F西	33.543306	133.487104
〒520-3045 滋賀県栗東市高野429-1 吉本ビル1階	35.031126	136.017462
宮城県仙台市青葉区五橋2-5-11	38.252516	140.877369
〒963-8841 福島県郡山市山崎403-6	37.37734	140.372391
〒221-0865 神奈川県横浜市神奈川区片倉2-71-5	35.483997	139.602254
埼玉県熊谷市代1052-12	36.174047	139.369959
〒900-0016 沖縄県那覇市前島2-3-6	26.221414	127.68339
〒900-0016 沖縄県那覇市前島2-3-6	26.221414	127.68339
〒950-0992 新潟県新潟市中央区上所上3-1-28	37.903119	139.031271
〒500-8287 岐阜県岐阜市北鶉1丁目60-1	35.38768	136.730683
愛媛県松山市平和通り3-3-16	33.847714	132.768157
静岡県沼津市大岡1961-1	35.114714	138.86704
〒162-0825 東京都新宿区神楽坂6-8	35.702922	139.737695
広島県大竹市晴海1-6-1  ゆめタウン大竹店	34.241029	132.22349
〒989-6163 宮城県大崎市古川台町11-1	38.574779	140.960205
〒763-0043 香川県丸亀市通町52-1 通町ビル1階	34.289957	133.796332
長野県伊那市西町区沢5070	35.838333	137.934189
〒804-0011 福岡県北九州市戸畑区中原西2-17-5	33.899696	130.840409
〒327-0833 栃木県佐野市若松町189	36.315424	139.579006
〒420-0838 静岡県静岡市葵区相生町7-18	34.977785	138.391577
〒555-0022 大阪府大阪市西淀川区柏里3-21-31	34.712281	135.466877
〒468-0074 愛知県名古屋市天白区八幡山1208 メゾン八事101	35.133007	136.97533
〒602-0901 京都府京都市上京区北小路室町390-4	35.028954	135.758114
〒460-0007 愛知県名古屋市中区新栄2-10-29	35.168657	136.921395
〒970-1152 福島県いわき市好間町中好間下河原23	37.060955	140.858761
秋田県大仙市大曲日の出町2-6-42	39.447525	140.481183
〒150-0043 東京都渋谷区道玄坂2-9-10  道玄坂K&Kビル 2F	35.658877	139.698071
愛知県知立市上重原町花立30-1	34.996825	137.019894
愛知県知立市上重原町花立30-1	34.996825	137.019894
〒300-3572 茨城県結城郡八千代町菅谷611-2	36.189053	139.887671
〒130-0026 東京都墨田区両国2-12-15	35.695025	139.79133
長野県東御市祢津2081	36.371337	138.348497
〒277-0075 千葉県柏市南柏中央1-4 君塚ビル1F	35.844201	139.953703
福島県郡山市若葉町11-20  佐藤ビル  1F	37.40601	140.380762
〒156-0043 東京都世田谷区松原2-45-2	35.668318	139.649877
千葉県袖ヶ浦市蔵波台6-5-14	35.438758	139.998016
愛知県名古屋市中区栄1-13-20 コープ野村御園1F	35.16567	136.896358
〒963-8846 福島県郡山市久留米5-199-3	37.375135	140.349171
〒377-0006 群馬県渋川市行幸田40-5	36.477653	139.001232
〒399-4431 長野県伊那市西春近2337-1	35.821259	137.945671
宮城県宮城郡利府町赤沼大日向81-1	38.357504	141.019899
〒350-1122 埼玉県川越市脇田町17-9	35.908639	139.484365
〒370-0045 群馬県高崎市東町7-7 内田ビル1F	0	0
〒631-0076 奈良県奈良市富雄北1丁目3-5 キタダビル1F	34.694597	135.735184
神奈川県川崎市川崎区渡田山王町19-2	35.518212	139.695516
〒939-1622 富山県南砺市遊部川原46-1	36.570893	136.878199
〒173-0014 東京都板橋区大山東町28-10	35.749305	139.707542
〒174-0071 東京都板橋区常盤台4-30-2	35.764624	139.677608
〒210-0837 神奈川県川崎市川崎区渡田3丁目4-10	35.518667	139.704231
〒210-0837 神奈川県川崎市川崎区渡田3丁目4-10	35.518667	139.704231
〒683-0027 鳥取県米子市陰田町656-1	35.411352	133.320223
〒564-0036 大阪府吹田市寿町1-3-3	34.758258	135.519433
奈良県大和高田市曽大根122-7	34.496298	135.735332
大分県大分市乙津町1-1	33.241705	131.672321
〒024-0094 岩手県北上市本通り3-9-5	39.292813	141.119918
大分県大分市田中町9-2	33.210385	131.591749
〒861-3203 熊本県上益城郡御船町高木2845-1	32.733573	130.798447
〒414-0044 静岡県伊東市川奈1214-4	34.95071	139.123544
富山県黒部市荻生7175-3	36.87962	137.461066
〒733-0011 広島県広島市西区横川町2-12-9	34.407127	132.450876
〒572-0838 大阪府寝屋川市八坂町30-11	34.767197	135.622205
台北市萬華區昆明街25號	25.044816	121.505497
〒755-0039 山口県宇部市東梶返1-9-5 アークヒルズ1F	33.955307	131.270881
〒800-0056 福岡県北九州市門司区西新町1-1-24	33.892298	130.921173
〒445-0870 愛知県西尾市永吉町2-79	34.860426	137.050054
〒960-0424 福島県伊達市姥ケ懐3-1	37.815111	140.501564
〒721-0952 広島県福山市曙町3-17-20	34.471272	133.395587
〒389-2256 長野県飯山市大字蓮269	36.818945	138.33359
山形県山形市北町2-2-45 山形ファミリーボウル 1F	38.268691	140.329477
〒541-0046 大阪府大阪市中央区平野町3-1-9	34.687911	135.502967
〒541-0046 大阪府大阪市中央区平野町3-1-9	34.687911	135.502967
〒113-0023 東京都文京区向丘1-20-6 ファミール本郷1F	35.717531	139.757741
〒169-0075 東京都新宿区高田馬場1-3-13	35.710355	139.709498
〒340-0011 埼玉県草加市栄町2-9-12	35.843566	139.802048
〒235-0033 神奈川県横浜市磯子区杉田4-2-17	35.384055	139.620165
福島県会津若松市駅前町6-31	37.506631	139.931442
東京都足立区西新井1-7-7	35.778296	139.778975
〒270-0063 千葉県松戸市北松戸3-1-76	35.801612	139.913838
〒173-0024 東京都板橋区大山金井町14-12	35.744942	139.707911
東京都立川市錦町1-2-16 立川アーバンホテル 立川らーめんたま館内	35.697127	139.416303
〒182-0002 東京都調布市仙川町1-10-17	35.661763	139.583897
〒277-0055 千葉県柏市青葉台1-3-25	35.815073	139.965276
〒190-0023 東京都立川市柴崎町2-10-1	35.696442	139.409448
東京都北区上中里3-18-1	35.750181	139.749407
〒114-0034 東京都北区上十条3-29-11	35.761519	139.719072
〒221-0802 神奈川県横浜市神奈川区六角橋1-7-21	35.488967	139.626846
〒321-4364 栃木県真岡市長田124-14	36.438334	139.972203
神奈川県川崎市多摩区登戸1770	35.620383	139.561699
〒371-0047 群馬県前橋市関根町2丁目23-2	36.43365	139.047701
東京都武蔵野市吉祥寺北町3-4-3	35.710134	139.572881
〒320-0053 栃木県宇都宮市戸祭町2732-1	36.575096	139.877886
〒320-0053 栃木県宇都宮市戸祭町2732-1	36.575096	139.877886
〒450-0003 愛知県名古屋市中村区名駅南1-17-2	35.167861	136.887875
〒959-1232 新潟県燕市井土巻2丁目235番地	37.653077	138.932143
〒120-0013 東京都足立区弘道1-4-15  第2弘道プラザ 1F	35.766548	139.812808
〒602-8342 京都府京都市上京区四番町126-10	35.02409	135.740997
〒890-0053 鹿児島県鹿児島市中央町21-33	31.58079	130.542069
〒250-0001 神奈川県小田原市扇町2-16-10	35.267919	139.159337
〒901-2214 沖縄県宜野湾市我如古2-12-6	26.254339	127.763415
長野県松本市南松本2-15-11	36.210668	137.968386
〒990-2433 山形県山形市鳥居ヶ丘1-45	38.229586	140.328928
宮城県仙台市宮城野区宮城野2-11-6	38.257105	140.902443
〒038-3123 青森県つがる市木造藤田16-5	40.81824	140.385225
三重県津市新町3-4-11	34.7207	136.490001
〒175-0083 東京都板橋区徳丸3-1-3	35.768917	139.66077
〒710-0842 岡山県倉敷市吉岡412-5	34.568681	133.768233
〒563-0032 大阪府池田市石橋2-1-5  サンアイビル1F	0	0
〒673-0028 兵庫県明石市硯町1-3-15	34.652254	134.977245
〒550-0013 大阪府大阪市西区新町2-17-5	34.677178	135.49144
〒940-0051 新潟県長岡市西神田町1-6-8	37.458098	138.852841
〒998-0832 山形県酒田市両羽町5-2	38.895636	139.843653
〒453-0855 愛知県名古屋市中村区烏森町1-122-2	35.15331	136.863477
〒453-0855 愛知県名古屋市中村区烏森町1-122-2	35.15331	136.863477
〒062-0933 北海道札幌市豊平区平岸3条3丁目1-29	0	0
〒921-8162 石川県金沢市三馬3-193	36.529329	136.632067
〒377-1512 群馬県吾妻郡嬬恋村大前細原2277	36.472904	138.543648
愛知県名古屋市熱田区波寄町9-1	35.140606	136.905158
富山県富山市掛尾町607	36.666477	137.205479
〒556-0005 大阪府大阪市浪速区日本橋4-15-23	34.661373	135.505096
〒611-0042 京都府宇治市小倉町西浦99-81	34.896343	135.779584
〒931-8324 富山県富山市豊城町6-15	36.727746	137.229445
〒206-0011 東京都多摩市関戸2-39-17 桜ヶ丘コートビレッジ1F	35.649885	139.449604
〒710-0252 岡山県倉敷市玉島爪崎1050-1	34.559886	133.68154
〒761-8083 香川県高松市三名町105-2	34.287693	134.033168
〒900-0032 沖縄県那覇市松山2-6-1	26.219913	127.68127
〒739-0047 広島県東広島市西条下見6-3-26	34.409349	132.712706
〒890-0054 鹿児島県鹿児島市荒田2-41-10	31.570019	130.551859
〒283-0821 千葉県東金市小野73-1	35.571327	140.330989
大阪府大阪市東成区東中本2-4-6	34.679992	135.548665
〒029-4102 岩手県西磐井郡平泉町平泉字宿50-1	38.96378	141.120521
1923 Massachusetts Ave, Cambridge‎ MA‎02140	42.389396	-71.119705
〒560-0043 大阪府豊中市待兼山町21-8	34.806772	135.448197
〒479-0021 愛知県常滑市大曽町4-12  マリオンガーデン1000	34.890354	136.871847
〒479-0021 愛知県常滑市大曽町4-12  マリオンガーデン1000	34.890354	136.871847
〒602-0011 京都府京都市上京区室町鞍馬口下森之木462-1	35.037265	135.758415
〒441-1351 愛知県新城市稲木69-1	34.891552	137.473262
愛知県名古屋市名東区極楽3-96-1	35.155198	137.02173
〒536-0004 大阪府大阪市城東区今福西3丁目1-4	34.70078	135.546571
〒411-0903 静岡県駿東郡清水町堂庭8-7	35.105167	138.904208
〒551-0001 大阪府大阪市大正区三軒家西1-4-20	34.666619	135.477838
〒020-0015 岩手県盛岡市本町通1-17-1	39.705494	141.152587
〒238-0045 神奈川県横須賀市東逸見町1-2-13	35.283476	139.654725
〒332-0035 埼玉県川口市西青木2-2-2	35.816378	139.709497
神奈川県相模原市中央区横山1-1-13	35.569946	139.362647
〒031-0004 青森県八戸市南類家2-14-1	40.500467	141.507026
〒214-0022 神奈川県川崎市多摩区堰2-11-50	35.612467	139.598277
〒994-0063 山形県天童市東長岡4丁目2-18	38.329797	140.367678
神奈川県川崎市多摩区生田7丁目11-3	35.615562	139.541814
山形県天童市大字久野本1294-1	38.37463	140.383321
〒814-0141 福岡県福岡市城南区西片江2丁目2-12	33.543629	130.36171
静岡県富士宮市富士見ケ丘437-2	35.23731	138.620187
大阪府松原市三宅中1-12-11	34.586716	135.550661
〒456-0025 愛知県名古屋市熱田区玉の井町1-1	35.1317	136.904324
愛知県名古屋市中区錦3-19-3	35.170359	136.903767
愛知県名古屋市中区錦3-19-3	35.170359	136.903767
静岡県掛川市三俣1376-1	34.670118	138.049798
〒979-2442 福島県南相馬市鹿島区横手北ノ内105	37.718471	140.957113
〒030-0843 青森県青森市浜田字豊田371	40.80424	140.756064
〒457-0005 愛知県名古屋市南区桜台1-14-19	35.107822	136.936845
〒182-0002 東京都調布市仙川町1-14-33 秋山ビル1F	35.660252	139.585251
〒532-0024 大阪府大阪市淀川区十三本町1-2-5	34.720034	135.481993
〒320-0851 栃木県宇都宮市鶴田町2967-1	36.552134	139.865382
秋田県仙北市田沢湖生保内字水尻59-40	39.699397	140.723203
青森県弘前市高崎2-4-3	40.608922	140.493162
〒870-1152 大分県大分市上宗方534-4	33.197092	131.580611
58/17 Sukhumvit Soi 5510110	0	0
〒920-0055 石川県金沢市北町丁31	36.58273	136.629463
〒649-6248 和歌山県岩出市中黒579-7	34.266449	135.285841
沖縄県島尻郡南風原町字津嘉山1734	26.179892	127.717226
〒372-0022 群馬県伊勢崎市日乃出町503-5	36.316889	139.226287
〒673-1115 兵庫県三木市吉川町大沢184-9	34.885009	135.11374
三重県度会郡玉城町久保字松本255番地 ラッキープラザ伊勢玉城店併設	34.503888	136.656643
〒840-0008 佐賀県佐賀市巨勢町大字牛島255-7  1F	33.256781	130.317299
〒682-0803 鳥取県倉吉市見日町476	35.439839	133.840506
〒238-0012 神奈川県横須賀市安浦町1-3-8	35.273699	139.677195
〒238-0012 神奈川県横須賀市安浦町1-3-8	35.273699	139.677195
新潟県長岡市南七日町50-2	37.441986	138.797838
〒529-1314 滋賀県愛知郡愛荘町中宿167-4	35.177665	136.208391
宮城県仙台市若林区東七番丁22	38.252322	140.882837
〒966-0014 福島県会津若松市門田町大字飯寺字村西916	37.482175	139.9024
秋田県大仙市美原町8-3	39.470281	140.466351
〒936-0021 富山県滑川市中川原266	36.7723	137.345805
〒910-0017 福井県福井市文京4丁目2-3	36.074217	136.211493
〒340-0161 埼玉県幸手市大字千塚1859-1	36.092024	139.702625
〒004-0842 北海道札幌市清田区清田2条1丁目3-8	43.005864	141.429732
〒385-0011 長野県佐久市猿久保667-5 ナリタビル	36.256969	138.473338
〒352-0001 埼玉県新座市東北1‐14‐1	35.822474	139.572598
鳥取県鳥取市安長278	35.512852	134.205644
北京市朝阳区百子湾路甲16号	39.900148	116.480751
〒649-6215 和歌山県岩出市中迫556-1	34.265291	135.315753
〒874-0919 大分県別府市石垣東10-2-46	33.304037	131.498692
岡山県岡山市北区中山下2-1-50	34.660806	133.927212
岡山県岡山市北区中山下2-1-50	34.660806	133.927212
北海道北見市寿町5-6-4	43.809638	143.877698
北海道北見市寿町5-6-4	43.809638	143.877698
〒031-0816 青森県八戸市新井田西2-26-1	40.499632	141.521679
〒031-0816 青森県八戸市新井田西2-26-1	40.499632	141.521679
〒591-8023 大阪府堺市北区中百舌鳥町6-995-3	34.550153	135.506439
〒444-0864 愛知県岡崎市明大寺町大圦58-6	34.932653	137.173098
栃木県那須塩原市若葉町55-85	36.97275	140.046363
〒961-0001 福島県白河市小田川天王下7	37.160097	140.265486
〒496-0004 愛知県津島市蛭間町新田365	35.185877	136.774951
〒989-6203 宮城県大崎市古川飯川大隈129-1	38.572798	140.92073
〒807-0874 福岡県北九州市八幡西区大浦1-13-10	33.874655	130.713421
〒753-0056 山口県山口市湯田温泉3-7-8  湯けむり横丁A	34.165726	131.456636
〒693-0022 島根県出雲市上塩冶町2773-8	35.358449	132.763276
〒110-0005 東京都台東区上野1-20-9	35.707901	139.772656
〒986-0815 宮城県石巻市中里6-14-19	38.443905	141.291516
〒830-0037 福岡県久留米市諏訪野町1660-6	33.301122	130.525769
〒125-0041 東京都葛飾区東金町1-16-2 五番街ビル102	0	0
〒996-0025 山形県新庄市若葉町17-10	38.761732	140.30191
〒950-0157 新潟県新潟市江南区鵜ノ子2-2-4	37.871587	139.092696
〒441-8061 愛知県豊橋市藤沢町141  1F	34.743237	137.372032
宮城県仙台市太白区大野田字王ノ檀49-1	38.212318	140.877102
〒971-8151 福島県いわき市小名浜岡小名字沖16-6	36.960496	140.904308
静岡県伊東市萩134-4	34.935574	139.089942
〒103-0026 東京都中央区日本橋兜町11-11	35.679783	139.776219
〒103-0026 東京都中央区日本橋兜町11-11	35.679783	139.776219
〒503-0933 岐阜県大垣市外野2-100  イオンモール大垣店 2F	35.337046	136.61398
〒036-8093 青森県弘前市城東中央5-1-1	40.600459	140.497978
〒182-0026 東京都調布市小島町3-92-11 大成ビル1F	35.648526	139.542941
〒270-1154 千葉県我孫子市白山1丁目7-7 白山シャトウ106号	0	0
〒121-0816 東京都足立区梅島2-3-16	35.776284	139.803014
愛知県西尾市戸ケ崎3-16-10	34.883148	137.062503
jalanPJU 5/10,DataranSunway Kota Damansara jayaKota Damansara M	0	0
〒536-0007 大阪府大阪市城東区成育5-23-2 パークプラザ森小路101	34.714936	135.545908
〒300-1214 茨城県牛久市女化町5-3	35.936365	140.17519
〒039-2189 青森県上北郡おいらせ町青葉5-50-197	40.652367	141.374391
〒454-0971 愛知県名古屋市中川区富田町千音寺松の木315	35.156131	136.810302
〒603-8341 京都府京都市北区小松原北町69-14	35.032199	135.726168
〒134-0083 東京都江戸川区中葛西5-33-9	35.663187	139.871666
岡山県岡山市北区田町1-13-14	34.660633	133.9257
新潟県長岡市昭和2-11-18	37.460371	138.849163
〒041-0844 北海道函館市川原町3-2	41.793911	140.770775
〒923-0034 石川県小松市長田町口23-1	36.42303	136.47752
〒564-0011 大阪府吹田市岸辺南1-24-8	34.77511	135.542508
〒564-0011 大阪府吹田市岸辺南1-24-8	34.77511	135.542508
〒959-2221 新潟県阿賀野市保田1973-1	37.773139	139.227623
〒870-0919 大分県大分市新栄町6-22	33.245488	131.647656
〒106-0032 東京都港区六本木4-5-11 SIX1F	35.664736	139.732393
新潟県柏崎市三和町9-59	37.364135	138.580351
沖縄県糸満市西崎2-6-1 マンションファミリア1F	26.143303	127.665165
〒589-0013 大阪府大阪狭山市茱萸木1-155-1	34.496147	135.547963
〒437-0125 静岡県袋井市上山梨3-18-11	34.788846	137.902829
〒053-0041 北海道苫小牧市美園町2-10-10	42.657722	141.611624
〒921-8163 石川県金沢市横川4-180	36.539045	136.627709
〒981-1241 宮城県名取市高舘熊野堂岩口下56-1	38.198655	140.849653
〒522-0027 滋賀県彦根市東沼波町181-2	35.254185	136.265341
〒944-0008 新潟県妙高市柳井田町4-11-16	37.057876	138.260559
〒018-5201 秋田県鹿角市花輪寺ノ後9-1	40.194881	140.787583
〒221-0802 神奈川県横浜市神奈川区六角橋2-10-1	35.486978	139.623259
東京都品川区東大井6-1-1 2F	35.604801	139.73493
〒162-0041 東京都新宿区早稲田鶴巻町555-クレール早稲田1F	35.707271	139.726505
〒355-0073 埼玉県東松山市上野本133-19	36.029186	139.386191
〒337-0051 埼玉県さいたま市見沼区東大宮5-6-1	35.947332	139.640176
〒345-0821 埼玉県南埼玉郡宮代町中央3-2-32	36.025248	139.722514
〒350-0435 埼玉県入間郡毛呂山町下川原291	35.936947	139.347371
〒350-0435 埼玉県入間郡毛呂山町下川原291	35.936947	139.347371
神奈川県横浜市神奈川区六角橋1-10-17	35.487533	139.626148
〒348-0058 埼玉県羽生市中央1-4-36	36.171142	139.534582
〒107-0052 東京都港区赤坂3-13-16	35.673526	139.737301
埼玉県蕨市中央1-33-8	35.828974	139.688485
〒185-0012 東京都国分寺市本町2-2-15	35.700638	139.482868
〒364-0007 埼玉県北本市東間5-100	36.041015	139.52794
〒143-0011 東京都大田区大森本町2-28-5	35.577628	139.737051
〒400-0851 山梨県甲府市住吉5-3-6	35.636581	138.580279
千葉県船橋市本町1-32-3	35.700143	139.98477
〒113-0001 東京都文京区白山5-36-14	35.720219	139.751462
〒171-0014 東京都豊島区池袋3-15-12	35.735237	139.700984
〒136-0071 東京都江東区亀戸6-2-1  シローハウスII	35.694095	139.826158
〒192-0015 東京都八王子市中野町2686-11	35.681908	139.317967
〒221-0825 神奈川県横浜市神奈川区反町3-23-14	35.475914	139.626694
〒350-0811 埼玉県川越市小堤910-28 メゾン鶴ヶ島駅前1F	35.93659	139.424425
〒310-0853 茨城県水戸市平須町1820-263	36.32883	140.440022
〒370-0303 群馬県太田市新田小金井町1841-3	36.326177	139.322858
〒103-0013 東京都中央区日本橋人形町3-7	35.686449	139.781743
〒339-0073 埼玉県さいたま市岩槻区上野3-3-6	35.972809	139.701219
〒264-0025 千葉県千葉市若葉区都賀3-25-7	35.635866	140.152533
〒198-0036 東京都青梅市河辺町9-5-5	35.783822	139.290636
〒338-0824 埼玉県さいたま市桜区上大久保201 コーポまいやま1階	35.866819	139.611444
〒101-0047 東京都千代田区内神田3-17-10 中島ビル1F	35.691995	139.769894
〒101-0047 東京都千代田区内神田3-17-10 中島ビル1F	35.691995	139.769894
〒101-0047 東京都千代田区内神田3-17-10 中島ビル1F	35.691995	139.769894
〒101-0047 東京都千代田区内神田3-17-10 中島ビル1F	35.691995	139.769894
〒101-0047 東京都千代田区内神田3-17-10 中島ビル1F	35.691995	139.769894
〒101-0047 東京都千代田区内神田3-17-10 中島ビル1F	35.691995	139.769894
〒101-0047 東京都千代田区内神田3-17-10 中島ビル1F	35.691995	139.769894
〒101-0047 東京都千代田区内神田3-17-10 中島ビル1F	35.691995	139.769894
〒101-0047 東京都千代田区内神田3-17-10 中島ビル1F	35.691995	139.769894
〒101-0047 東京都千代田区内神田3-17-10 中島ビル1F	35.691995	139.769894
〒101-0047 東京都千代田区内神田3-17-10 中島ビル1F	35.691995	139.769894
〒101-0047 東京都千代田区内神田3-17-10 中島ビル1F	35.691995	139.769894
〒171-0022 東京都豊島区南池袋2-27-17	35.728239	139.713884
〒171-0022 東京都豊島区南池袋2-27-17	35.728239	139.713884
〒171-0022 東京都豊島区南池袋2-27-17	35.728239	139.713884
〒171-0022 東京都豊島区南池袋2-27-17	35.728239	139.713884
〒171-0022 東京都豊島区南池袋2-27-17	35.728239	139.713884
〒171-0022 東京都豊島区南池袋2-27-17	35.728239	139.713884
〒171-0022 東京都豊島区南池袋2-27-17	35.728239	139.713884
〒171-0022 東京都豊島区南池袋2-27-17	35.728239	139.713884
〒171-0022 東京都豊島区南池袋2-27-17	35.728239	139.713884
〒171-0022 東京都豊島区南池袋2-27-17	35.728239	139.713884
〒171-0022 東京都豊島区南池袋2-27-17	35.728239	139.713884
〒305-0025 茨城県つくば市花室732	36.089061	140.12792
〒305-0025 茨城県つくば市花室732	36.089061	140.12792
〒305-0025 茨城県つくば市花室732	36.089061	140.12792
〒305-0025 茨城県つくば市花室732	36.089061	140.12792
〒305-0025 茨城県つくば市花室732	36.089061	140.12792
〒305-0025 茨城県つくば市花室732	36.089061	140.12792
〒305-0025 茨城県つくば市花室732	36.089061	140.12792
〒305-0025 茨城県つくば市花室732	36.089061	140.12792
〒305-0025 茨城県つくば市花室732	36.089061	140.12792
〒305-0025 茨城県つくば市花室732	36.089061	140.12792
〒305-0025 茨城県つくば市花室732	36.089061	140.12792
〒371-0852 群馬県前橋市総社町総社2014-5	36.404225	139.032795
〒371-0852 群馬県前橋市総社町総社2014-5	36.404225	139.032795
〒371-0852 群馬県前橋市総社町総社2014-5	36.404225	139.032795
〒371-0852 群馬県前橋市総社町総社2014-5	36.404225	139.032795
〒371-0852 群馬県前橋市総社町総社2014-5	36.404225	139.032795
〒371-0852 群馬県前橋市総社町総社2014-5	36.404225	139.032795
〒371-0852 群馬県前橋市総社町総社2014-5	36.404225	139.032795
〒371-0852 群馬県前橋市総社町総社2014-5	36.404225	139.032795
〒371-0852 群馬県前橋市総社町総社2014-5	36.404225	139.032795
〒371-0852 群馬県前橋市総社町総社2014-5	36.404225	139.032795
〒371-0852 群馬県前橋市総社町総社2014-5	36.404225	139.032795
〒235-0036 神奈川県横浜市磯子区中原2-3-33	35.38749	139.617571
〒235-0036 神奈川県横浜市磯子区中原2-3-33	35.38749	139.617571
〒235-0036 神奈川県横浜市磯子区中原2-3-33	35.38749	139.617571
〒235-0036 神奈川県横浜市磯子区中原2-3-33	35.38749	139.617571
〒235-0036 神奈川県横浜市磯子区中原2-3-33	35.38749	139.617571
〒235-0036 神奈川県横浜市磯子区中原2-3-33	35.38749	139.617571
〒235-0036 神奈川県横浜市磯子区中原2-3-33	35.38749	139.617571
〒235-0036 神奈川県横浜市磯子区中原2-3-33	35.38749	139.617571
〒235-0036 神奈川県横浜市磯子区中原2-3-33	35.38749	139.617571
〒235-0036 神奈川県横浜市磯子区中原2-3-33	35.38749	139.617571
〒235-0036 神奈川県横浜市磯子区中原2-3-33	35.38749	139.617571
〒371-0022 群馬県前橋市千代田町4丁目12-3	36.392544	139.071088
〒371-0022 群馬県前橋市千代田町4丁目12-3	36.392544	139.071088
〒371-0022 群馬県前橋市千代田町4丁目12-3	36.392544	139.071088
〒371-0022 群馬県前橋市千代田町4丁目12-3	36.392544	139.071088
〒371-0022 群馬県前橋市千代田町4丁目12-3	36.392544	139.071088
〒371-0022 群馬県前橋市千代田町4丁目12-3	36.392544	139.071088
〒371-0022 群馬県前橋市千代田町4丁目12-3	36.392544	139.071088
〒371-0022 群馬県前橋市千代田町4丁目12-3	36.392544	139.071088
〒371-0022 群馬県前橋市千代田町4丁目12-3	36.392544	139.071088
〒371-0022 群馬県前橋市千代田町4丁目12-3	36.392544	139.071088
〒371-0022 群馬県前橋市千代田町4丁目12-3	36.392544	139.071088
〒340-0022 埼玉県草加市瀬崎3-40-25	35.81039	139.804392
〒340-0022 埼玉県草加市瀬崎3-40-25	35.81039	139.804392
〒340-0022 埼玉県草加市瀬崎3-40-25	35.81039	139.804392
〒340-0022 埼玉県草加市瀬崎3-40-25	35.81039	139.804392
〒340-0022 埼玉県草加市瀬崎3-40-25	35.81039	139.804392
〒340-0022 埼玉県草加市瀬崎3-40-25	35.81039	139.804392
〒340-0022 埼玉県草加市瀬崎3-40-25	35.81039	139.804392
〒340-0022 埼玉県草加市瀬崎3-40-25	35.81039	139.804392
〒340-0022 埼玉県草加市瀬崎3-40-25	35.81039	139.804392
〒340-0022 埼玉県草加市瀬崎3-40-25	35.81039	139.804392
〒340-0022 埼玉県草加市瀬崎3-40-25	35.81039	139.804392
〒337-0051 埼玉県さいたま市見沼区東大宮4-47-4	35.951688	139.634176
〒337-0051 埼玉県さいたま市見沼区東大宮4-47-4	35.951688	139.634176
〒337-0051 埼玉県さいたま市見沼区東大宮4-47-4	35.951688	139.634176
〒337-0051 埼玉県さいたま市見沼区東大宮4-47-4	35.951688	139.634176
〒337-0051 埼玉県さいたま市見沼区東大宮4-47-4	35.951688	139.634176
〒337-0051 埼玉県さいたま市見沼区東大宮4-47-4	35.951688	139.634176
〒337-0051 埼玉県さいたま市見沼区東大宮4-47-4	35.951688	139.634176
〒337-0051 埼玉県さいたま市見沼区東大宮4-47-4	35.951688	139.634176
〒337-0051 埼玉県さいたま市見沼区東大宮4-47-4	35.951688	139.634176
〒337-0051 埼玉県さいたま市見沼区東大宮4-47-4	35.951688	139.634176
〒337-0051 埼玉県さいたま市見沼区東大宮4-47-4	35.951688	139.634176
〒155-0031 東京都世田谷区北沢2-28-7 エルフェアシティ下北沢Ⅱ 103	35.663375	139.665787
〒155-0031 東京都世田谷区北沢2-28-7 エルフェアシティ下北沢Ⅱ 103	35.663375	139.665787
〒155-0031 東京都世田谷区北沢2-28-7 エルフェアシティ下北沢Ⅱ 103	35.663375	139.665787
〒155-0031 東京都世田谷区北沢2-28-7 エルフェアシティ下北沢Ⅱ 103	35.663375	139.665787
〒155-0031 東京都世田谷区北沢2-28-7 エルフェアシティ下北沢Ⅱ 103	35.663375	139.665787
〒155-0031 東京都世田谷区北沢2-28-7 エルフェアシティ下北沢Ⅱ 103	35.663375	139.665787
〒155-0031 東京都世田谷区北沢2-28-7 エルフェアシティ下北沢Ⅱ 103	35.663375	139.665787
〒155-0031 東京都世田谷区北沢2-28-7 エルフェアシティ下北沢Ⅱ 103	35.663375	139.665787
〒155-0031 東京都世田谷区北沢2-28-7 エルフェアシティ下北沢Ⅱ 103	35.663375	139.665787
〒155-0031 東京都世田谷区北沢2-28-7 エルフェアシティ下北沢Ⅱ 103	35.663375	139.665787
〒155-0031 東京都世田谷区北沢2-28-7 エルフェアシティ下北沢Ⅱ 103	35.663375	139.665787
〒184-0002 東京都小金井市梶野町5-5-7	35.702791	139.522907
〒184-0002 東京都小金井市梶野町5-5-7	35.702791	139.522907
〒184-0002 東京都小金井市梶野町5-5-7	35.702791	139.522907
〒184-0002 東京都小金井市梶野町5-5-7	35.702791	139.522907
〒184-0002 東京都小金井市梶野町5-5-7	35.702791	139.522907
〒184-0002 東京都小金井市梶野町5-5-7	35.702791	139.522907
〒184-0002 東京都小金井市梶野町5-5-7	35.702791	139.522907
〒184-0002 東京都小金井市梶野町5-5-7	35.702791	139.522907
〒184-0002 東京都小金井市梶野町5-5-7	35.702791	139.522907
〒184-0002 東京都小金井市梶野町5-5-7	35.702791	139.522907
〒184-0002 東京都小金井市梶野町5-5-7	35.702791	139.522907
〒360-0846 埼玉県熊谷市拾六間985	36.16518	139.315619
〒360-0846 埼玉県熊谷市拾六間985	36.16518	139.315619
〒360-0846 埼玉県熊谷市拾六間985	36.16518	139.315619
〒360-0846 埼玉県熊谷市拾六間985	36.16518	139.315619
〒360-0846 埼玉県熊谷市拾六間985	36.16518	139.315619
〒360-0846 埼玉県熊谷市拾六間985	36.16518	139.315619
〒360-0846 埼玉県熊谷市拾六間985	36.16518	139.315619
〒360-0846 埼玉県熊谷市拾六間985	36.16518	139.315619
〒360-0846 埼玉県熊谷市拾六間985	36.16518	139.315619
〒360-0846 埼玉県熊谷市拾六間985	36.16518	139.315619
〒360-0846 埼玉県熊谷市拾六間985	36.16518	139.315619
〒305-0031 茨城県つくば市吾妻3-8-1 吾妻ハイツ105	36.089121	140.11023
〒305-0031 茨城県つくば市吾妻3-8-1 吾妻ハイツ105	36.089121	140.11023
〒305-0031 茨城県つくば市吾妻3-8-1 吾妻ハイツ105	36.089121	140.11023
〒305-0031 茨城県つくば市吾妻3-8-1 吾妻ハイツ105	36.089121	140.11023
〒305-0031 茨城県つくば市吾妻3-8-1 吾妻ハイツ105	36.089121	140.11023
〒305-0031 茨城県つくば市吾妻3-8-1 吾妻ハイツ105	36.089121	140.11023
〒305-0031 茨城県つくば市吾妻3-8-1 吾妻ハイツ105	36.089121	140.11023
〒305-0031 茨城県つくば市吾妻3-8-1 吾妻ハイツ105	36.089121	140.11023
〒305-0031 茨城県つくば市吾妻3-8-1 吾妻ハイツ105	36.089121	140.11023
〒305-0031 茨城県つくば市吾妻3-8-1 吾妻ハイツ105	36.089121	140.11023
〒305-0031 茨城県つくば市吾妻3-8-1 吾妻ハイツ105	36.089121	140.11023
〒370-0314 群馬県太田市新田市野井町852	36.306095	139.302582
〒370-0314 群馬県太田市新田市野井町852	36.306095	139.302582
〒370-0314 群馬県太田市新田市野井町852	36.306095	139.302582
〒370-0314 群馬県太田市新田市野井町852	36.306095	139.302582
〒370-0314 群馬県太田市新田市野井町852	36.306095	139.302582
〒370-0314 群馬県太田市新田市野井町852	36.306095	139.302582
〒370-0314 群馬県太田市新田市野井町852	36.306095	139.302582
〒370-0314 群馬県太田市新田市野井町852	36.306095	139.302582
〒370-0314 群馬県太田市新田市野井町852	36.306095	139.302582
〒370-0314 群馬県太田市新田市野井町852	36.306095	139.302582
〒370-0314 群馬県太田市新田市野井町852	36.306095	139.302582
〒158-0082 東京都世田谷区等々力1-30-16	35.603758	139.651542
〒158-0082 東京都世田谷区等々力1-30-16	35.603758	139.651542
〒158-0082 東京都世田谷区等々力1-30-16	35.603758	139.651542
〒158-0082 東京都世田谷区等々力1-30-16	35.603758	139.651542
〒158-0082 東京都世田谷区等々力1-30-16	35.603758	139.651542
〒158-0082 東京都世田谷区等々力1-30-16	35.603758	139.651542
〒158-0082 東京都世田谷区等々力1-30-16	35.603758	139.651542
〒158-0082 東京都世田谷区等々力1-30-16	35.603758	139.651542
〒158-0082 東京都世田谷区等々力1-30-16	35.603758	139.651542
〒158-0082 東京都世田谷区等々力1-30-16	35.603758	139.651542
〒158-0082 東京都世田谷区等々力1-30-16	35.603758	139.651542
東京都葛飾区亀有5-45-8	35.767406	139.849458
東京都葛飾区亀有5-45-8	35.767406	139.849458
東京都葛飾区亀有5-45-8	35.767406	139.849458
東京都葛飾区亀有5-45-8	35.767406	139.849458
東京都葛飾区亀有5-45-8	35.767406	139.849458
東京都葛飾区亀有5-45-8	35.767406	139.849458
東京都葛飾区亀有5-45-8	35.767406	139.849458
東京都葛飾区亀有5-45-8	35.767406	139.849458
東京都葛飾区亀有5-45-8	35.767406	139.849458
東京都葛飾区亀有5-45-8	35.767406	139.849458
東京都葛飾区亀有5-45-8	35.767406	139.849458
〒144-0051 東京都大田区西蒲田8-2-1	35.560779	139.714174
〒144-0051 東京都大田区西蒲田8-2-1	35.560779	139.714174
〒144-0051 東京都大田区西蒲田8-2-1	35.560779	139.714174
〒144-0051 東京都大田区西蒲田8-2-1	35.560779	139.714174
〒144-0051 東京都大田区西蒲田8-2-1	35.560779	139.714174
〒144-0051 東京都大田区西蒲田8-2-1	35.560779	139.714174
〒144-0051 東京都大田区西蒲田8-2-1	35.560779	139.714174
〒144-0051 東京都大田区西蒲田8-2-1	35.560779	139.714174
〒144-0051 東京都大田区西蒲田8-2-1	35.560779	139.714174
〒144-0051 東京都大田区西蒲田8-2-1	35.560779	139.714174
〒144-0051 東京都大田区西蒲田8-2-1	35.560779	139.714174
〒195-0071 東京都町田市金井町2005-1	35.577597	139.47019
〒195-0071 東京都町田市金井町2005-1	35.577597	139.47019
〒195-0071 東京都町田市金井町2005-1	35.577597	139.47019
〒195-0071 東京都町田市金井町2005-1	35.577597	139.47019
〒195-0071 東京都町田市金井町2005-1	35.577597	139.47019
〒195-0071 東京都町田市金井町2005-1	35.577597	139.47019
〒195-0071 東京都町田市金井町2005-1	35.577597	139.47019
〒195-0071 東京都町田市金井町2005-1	35.577597	139.47019
〒195-0071 東京都町田市金井町2005-1	35.577597	139.47019
〒195-0071 東京都町田市金井町2005-1	35.577597	139.47019
〒195-0071 東京都町田市金井町2005-1	35.577597	139.47019
〒460-0007 愛知県名古屋市中区新栄2-27-12	35.166491	136.920051
〒460-0007 愛知県名古屋市中区新栄2-27-12	35.166491	136.920051
〒460-0007 愛知県名古屋市中区新栄2-27-12	35.166491	136.920051
〒460-0007 愛知県名古屋市中区新栄2-27-12	35.166491	136.920051
〒460-0007 愛知県名古屋市中区新栄2-27-12	35.166491	136.920051
〒460-0007 愛知県名古屋市中区新栄2-27-12	35.166491	136.920051
〒460-0007 愛知県名古屋市中区新栄2-27-12	35.166491	136.920051
〒460-0007 愛知県名古屋市中区新栄2-27-12	35.166491	136.920051
〒460-0007 愛知県名古屋市中区新栄2-27-12	35.166491	136.920051
〒460-0007 愛知県名古屋市中区新栄2-27-12	35.166491	136.920051
〒460-0007 愛知県名古屋市中区新栄2-27-12	35.166491	136.920051
〒185-0021 東京都国分寺市南町2-17-9 ARTビル1階 	0	0
〒185-0021 東京都国分寺市南町2-17-9 ARTビル1階 	0	0
〒185-0021 東京都国分寺市南町2-17-9 ARTビル1階 	0	0
〒185-0021 東京都国分寺市南町2-17-9 ARTビル1階 	0	0
〒185-0021 東京都国分寺市南町2-17-9 ARTビル1階 	0	0
〒185-0021 東京都国分寺市南町2-17-9 ARTビル1階 	0	0
〒185-0021 東京都国分寺市南町2-17-9 ARTビル1階 	0	0
〒185-0021 東京都国分寺市南町2-17-9 ARTビル1階 	0	0
〒185-0021 東京都国分寺市南町2-17-9 ARTビル1階 	0	0
〒185-0021 東京都国分寺市南町2-17-9 ARTビル1階 	0	0
〒185-0021 東京都国分寺市南町2-17-9 ARTビル1階 	0	0
〒305-0031 茨城県つくば市吾妻3-12-1	36.090358	140.111495
〒305-0031 茨城県つくば市吾妻3-12-1	36.090358	140.111495
〒305-0031 茨城県つくば市吾妻3-12-1	36.090358	140.111495
〒305-0031 茨城県つくば市吾妻3-12-1	36.090358	140.111495
〒305-0031 茨城県つくば市吾妻3-12-1	36.090358	140.111495
〒305-0031 茨城県つくば市吾妻3-12-1	36.090358	140.111495
〒305-0031 茨城県つくば市吾妻3-12-1	36.090358	140.111495
〒305-0031 茨城県つくば市吾妻3-12-1	36.090358	140.111495
〒305-0031 茨城県つくば市吾妻3-12-1	36.090358	140.111495
〒305-0031 茨城県つくば市吾妻3-12-1	36.090358	140.111495
〒305-0031 茨城県つくば市吾妻3-12-1	36.090358	140.111495
〒356-0005 埼玉県ふじみ野市西2-1-23	35.872598	139.507853
〒356-0005 埼玉県ふじみ野市西2-1-23	35.872598	139.507853
〒356-0005 埼玉県ふじみ野市西2-1-23	35.872598	139.507853
〒356-0005 埼玉県ふじみ野市西2-1-23	35.872598	139.507853
〒356-0005 埼玉県ふじみ野市西2-1-23	35.872598	139.507853
〒356-0005 埼玉県ふじみ野市西2-1-23	35.872598	139.507853
〒356-0005 埼玉県ふじみ野市西2-1-23	35.872598	139.507853
〒356-0005 埼玉県ふじみ野市西2-1-23	35.872598	139.507853
〒356-0005 埼玉県ふじみ野市西2-1-23	35.872598	139.507853
〒356-0005 埼玉県ふじみ野市西2-1-23	35.872598	139.507853
〒356-0005 埼玉県ふじみ野市西2-1-23	35.872598	139.507853
〒356-0005 埼玉県ふじみ野市西2-1-23	35.872598	139.507853
〒356-0005 埼玉県ふじみ野市西2-1-23	35.872598	139.507853
〒356-0005 埼玉県ふじみ野市西2-1-23	35.872598	139.507853
〒354-0024 埼玉県富士見市鶴瀬東1-2-33	35.848169	139.540231
〒354-0024 埼玉県富士見市鶴瀬東1-2-33	35.848169	139.540231
〒354-0024 埼玉県富士見市鶴瀬東1-2-33	35.848169	139.540231
〒104-0061 東京都中央区銀座2丁目6-16 銀座第2吉田ビルB1	35.673586	139.766862
〒104-0061 東京都中央区銀座2丁目6-16 銀座第2吉田ビルB1	35.673586	139.766862
〒104-0061 東京都中央区銀座2丁目6-16 銀座第2吉田ビルB1	35.673586	139.766862
〒114-0023 東京都北区滝野川7-2-6 白井ビル1F	35.745684	139.720449
〒114-0023 東京都北区滝野川7-2-6 白井ビル1F	35.745684	139.720449
〒114-0023 東京都北区滝野川7-2-6 白井ビル1F	35.745684	139.720449
〒142-0041 東京都品川区戸越5-15-1	35.609914	139.714888
〒142-0041 東京都品川区戸越5-15-1	35.609914	139.714888
〒142-0041 東京都品川区戸越5-15-1	35.609914	139.714888
〒336-0025 埼玉県さいたま市南区文蔵1-17-2	35.845232	139.670285
〒336-0025 埼玉県さいたま市南区文蔵1-17-2	35.845232	139.670285
〒336-0025 埼玉県さいたま市南区文蔵1-17-2	35.845232	139.670285
〒305-0854 茨城県つくば市上横場244-1	36.052933	140.084583
〒305-0854 茨城県つくば市上横場244-1	36.052933	140.084583
〒305-0854 茨城県つくば市上横場244-1	36.052933	140.084583
〒183-0023 東京都府中市宮町1丁目100-1 ル・シーニュ1F	35.671689	139.479767
〒183-0023 東京都府中市宮町1丁目100-1 ル・シーニュ1F	35.671689	139.479767
〒183-0023 東京都府中市宮町1丁目100-1 ル・シーニュ1F	35.671689	139.479767
神奈川県相模原市中央区淵野辺1-10-11	35.571407	139.390667
神奈川県相模原市中央区淵野辺1-10-11	35.571407	139.390667
神奈川県相模原市中央区淵野辺1-10-11	35.571407	139.390667
〒311-0105 茨城県那珂市菅谷2370-1	36.443914	140.500906
〒311-0105 茨城県那珂市菅谷2370-1	36.443914	140.500906
〒311-0105 茨城県那珂市菅谷2370-1	36.443914	140.500906
〒236-0037 神奈川県横浜市金沢区六浦東1-1-5	35.322403	139.620655
〒236-0037 神奈川県横浜市金沢区六浦東1-1-5	35.322403	139.620655
〒236-0037 神奈川県横浜市金沢区六浦東1-1-5	35.322403	139.620655
〒349-0204 埼玉県白岡市篠津716-1	36.032484	139.651945
〒349-0204 埼玉県白岡市篠津716-1	36.032484	139.651945
〒349-0204 埼玉県白岡市篠津716-1	36.032484	139.651945
〒158-0091 東京都渋谷区代々木2-29-3-1F	35.684042	139.698583
〒158-0091 東京都渋谷区代々木2-29-3-1F	35.684042	139.698583
〒158-0091 東京都渋谷区代々木2-29-3-1F	35.684042	139.698583
〒168-0063 東京都杉並区和泉2-9-21	35.671826	139.651417
〒168-0063 東京都杉並区和泉2-9-21	35.671826	139.651417
〒168-0063 東京都杉並区和泉2-9-21	35.671826	139.651417
埼玉県越谷市東町2-8 イオンレイクタウンMORI 3F フードコート内	35.882039	139.828022
埼玉県越谷市東町2-8 イオンレイクタウンMORI 3F フードコート内	35.882039	139.828022
埼玉県越谷市東町2-8 イオンレイクタウンMORI 3F フードコート内	35.882039	139.828022
〒350-0043 埼玉県川越市新富町1-18-8	35.914643	139.482894
〒350-0043 埼玉県川越市新富町1-18-8	35.914643	139.482894
〒350-0043 埼玉県川越市新富町1-18-8	35.914643	139.482894
〒332-0003 埼玉県川口市東領家3-21-9 襲田コーポ101	0	0
〒332-0003 埼玉県川口市東領家3-21-9 襲田コーポ101	0	0
〒332-0003 埼玉県川口市東領家3-21-9 襲田コーポ101	0	0
〒101-0061 東京都千代田区三崎町2-21-11	35.701572	139.753677
〒101-0061 東京都千代田区三崎町2-21-11	35.701572	139.753677
〒101-0061 東京都千代田区三崎町2-21-11	35.701572	139.753677
〒194-9913 東京都町田市原町田6-20-3 あさのビル1F	35.543698	139.44769
〒194-9913 東京都町田市原町田6-20-3 あさのビル1F	35.543698	139.44769
〒194-9913 東京都町田市原町田6-20-3 あさのビル1F	35.543698	139.44769
東京都大田区北千束3-29-11	35.606558	139.685295
東京都大田区北千束3-29-11	35.606558	139.685295
東京都大田区北千束3-29-11	35.606558	139.685295
〒340-0203 埼玉県久喜市桜田3-1-12	36.088606	139.681746
〒340-0203 埼玉県久喜市桜田3-1-12	36.088606	139.681746
〒340-0203 埼玉県久喜市桜田3-1-12	36.088606	139.681746
〒340-0203 埼玉県久喜市桜田3-1-12	36.088606	139.681746
東京都港区西新橋1-21-1	35.66842	139.752291
〒170-0003 東京都豊島区駒込1丁目16-10 Rouxビル1F101	35.735276	139.751719
〒330-0846 埼玉県さいたま市大宮区大門町1-24-1	35.906865	139.626211
〒132-0035 東京都江戸川区平井5-12-5	35.707011	139.840623
〒150-0033 東京都渋谷区猿楽町1-3 竜王ビルIII 1F	35.653498	139.705192
東京都品川区東大井5-3-5	35.607484	139.735975
〒650-0012 兵庫県神戸市中央区北長狭通1-3-13	34.693827	135.192767
埼玉県さいたま市浦和区常盤9-20-10	35.870962	139.645009
東京都大田区蒲田5-1-5 第三菊池ビル1F	35.564074	139.716969
〒110-0005 東京都台東区上野3-17-7	35.706217	139.772565
埼玉県さいたま市大宮区仲町3-24	35.905277	139.629087
〒198-0036 東京都青梅市河辺6-3-3	35.779455	139.289547
〒110-0016 東京都台東区台東2-7-4 和田ビル1F	35.702748	139.77652
〒297-0024 千葉県茂原市八千代1-8-7	35.423142	140.298508
〒230-0052 神奈川県横浜市鶴見区生麦1-10-16	35.49454	139.666163
〒231-0056 神奈川県横浜市中区若葉町2-15 共同ビル1F	35.442438	139.628732
〒326-0816 栃木県足利市緑町2丁目23-1	36.334496	139.430636
〒110-0005 東京都台東区上野5-10-11	35.705567	139.774349
〒111-0033 東京都台東区花川戸2-15-6 第1サンライズM102	35.714716	139.801766
〒335-0001 埼玉県蕨市北町3-6-13	35.828904	139.674951
〒335-0001 埼玉県蕨市北町3-6-13	35.828904	139.674951
〒194-0013 東京都町田市原町田4-11-13	35.542585	139.448827
〒350-0811 埼玉県川越市小堤183-1	35.936118	139.440067
〒277-0852 千葉県柏市旭町1-4-15	35.862384	139.968156
東京都新宿区高田馬場2-14-27	35.713041	139.707254
東京都中央区日本橋2-9-2	35.681329	139.774935
〒207-0004 東京都東大和市清水6-1257-17	35.746141	139.444605
〒320-0862 栃木県宇都宮市西原1-6-2	36.554551	139.873287
〒329-1322 栃木県さくら市北草川1-1-7	36.689416	139.950428
〒271-0092 千葉県松戸市松戸1240-3	35.783037	139.901638
〒101-0025 東京都千代田区神田佐久間町1-14第二東ビル1F	35.6978	139.774354
〒190-0023 東京都立川市柴崎町2-3-2	35.696535	139.41152
〒300-0331 茨城県稲敷郡阿見町阿見600	36.051743	140.215635
〒335-0031 埼玉県戸田市美女木東1-3-1 イオン北戸田2F	35.826697	139.65275
〒101-0021 東京都千代田区外神田3-4-1	35.701292	139.769471
東京都立川市曙町2-16-1 立川屋台村パラダイス（ヤタパラ）A-4・5 区画	35.699335	139.416258
神奈川県横須賀市若松町1-2-3	35.279713	139.670601
〒350-1306 埼玉県狭山市富士見1-28-7 ゲオ狭山店前	35.85159	139.417876
〒102-0071 東京都千代田区富士見2-12-16	35.698825	139.744585
東京都港区東新橋1-2-11 三陸ビル1F	35.664396	139.759188
